,Rounded to Sub-Rounded,Sub Rounded to Sub Angular,Sub Angular to Angular,Low Relief,Medium Relief,High Relief,Precipitation Features,Dissolution Etching,Fracture Faces,Subparallel Linear Features,Conchoidal Fractures,Curved Grooves,Straight Grooves,Deep Troughs,Crescentic Gouges,Arc Shaped Steps,Linear Steps,Sharp Angular Features,Upturned Plates,V Shaped,Edge Rounding,Breakage Blocks,Abrasion Features,location,set,a_b
0,0,1,0,0,1,0,0,1,0,1,0,0,0,0,0,1,0,0,0,1,1,0,0,ELVA,5,B
1,0,1,0,0,1,0,1,0,1,1,1,0,0,0,1,0,1,0,0,0,1,0,0,ELVA,5,B
2,0,0,1,0,1,0,0,1,0,1,1,0,0,0,0,1,0,0,0,0,0,0,0,ELVA,5,B
3,0,0,1,0,1,0,0,1,1,1,1,0,0,0,0,1,1,1,1,0,0,0,0,ELVA,5,B
4,0,0,1,0,1,0,0,1,0,1,0,0,0,0,0,1,1,0,0,1,0,0,0,ELVA,5,B
5,0,0,1,0,0,1,1,1,0,0,0,0,0,0,0,1,0,1,0,0,0,0,0,ELVA,5,B
6,0,1,0,0,1,0,0,1,0,1,1,0,0,0,0,1,0,0,0,0,0,0,0,ELVA,5,B
7,0,1,0,0,1,0,0,1,0,1,1,0,0,0,0,0,1,0,1,1,1,0,0,ELVA,5,B
8,0,0,1,0,1,0,0,1,0,1,1,0,0,0,0,1,1,0,0,0,0,0,0,ELVA,5,B
9,0,0,1,0,1,0,0,1,0,0,1,0,0,0,0,1,1,0,0,0,0,0,0,ELVA,5,B
10,0,0,1,1,0,0,0,1,0,0,1,0,0,0,1,0,1,0,0,0,0,0,0,ELVA,5,B
11,0,1,0,0,1,0,1,1,0,0,1,0,0,0,0,1,1,0,0,1,1,0,0,ELVA,5,B
12,0,0,1,0,1,0,0,1,0,1,1,0,0,0,0,0,0,0,1,0,0,1,1,ELVA,5,B
13,0,0,1,0,1,0,1,1,0,0,1,0,0,0,1,0,1,0,0,0,0,0,0,ELVA,5,B
14,0,0,1,0,1,0,1,1,0,1,1,0,0,0,0,0,1,0,0,1,1,0,1,ELVA,5,B
15,0,0,1,0,1,0,0,1,0,0,1,0,0,0,0,1,1,0,1,0,0,0,0,ELVA,5,B
16,0,0,1,0,1,0,0,1,0,1,1,0,0,0,1,0,1,1,0,1,0,0,0,ELVA,5,B
17,0,1,0,0,1,0,1,0,0,1,1,0,0,0,0,0,0,0,1,0,0,0,0,ELVA,5,B
18,0,1,0,0,0,1,0,1,0,1,1,0,0,0,0,0,1,0,0,0,1,0,0,ELVA,5,B
19,0,0,1,0,1,0,1,1,0,0,0,0,0,0,0,1,1,0,1,1,0,0,0,ELVA,5,B
20,0,1,0,0,1,0,1,1,0,1,1,0,0,0,0,1,0,0,0,1,1,0,0,ELVA,5,B
21,0,0,1,1,0,0,1,1,0,1,1,0,0,0,0,1,1,0,1,0,0,0,0,ELVA,5,B
22,0,1,0,0,1,0,0,1,0,1,1,0,0,0,0,0,1,0,1,0,1,0,0,ELVA,5,B
23,0,0,1,1,0,0,0,1,0,1,0,0,0,0,0,1,1,0,1,0,0,0,0,ELVA,5,B
24,0,1,0,0,1,0,0,1,0,1,1,0,0,0,0,1,1,0,0,0,0,0,1,ELVA,5,B
0,0,1,0,0,1,0,0,1,0,1,1,0,0,0,0,0,1,0,1,0,0,0,0,RP-16,3,A
1,0,1,0,0,1,0,0,1,0,0,0,0,0,0,0,0,1,0,1,0,0,0,0,RP-16,3,A
2,0,1,0,0,0,1,0,1,0,1,1,0,0,0,0,1,1,0,0,0,0,0,0,RP-16,3,A
3,0,1,0,0,1,0,0,0,1,1,0,0,0,0,0,1,1,0,0,0,1,0,0,RP-16,3,A
4,0,1,0,0,0,1,0,1,0,0,0,0,0,0,0,1,1,0,0,0,1,0,0,RP-16,3,A
5,0,1,0,0,1,0,0,1,0,0,1,0,0,0,0,1,1,0,0,0,0,0,0,RP-16,3,A
6,0,0,1,0,0,1,0,1,0,1,1,0,0,0,1,1,1,0,1,0,0,0,0,RP-16,3,A
7,0,1,0,0,0,1,1,0,0,0,1,0,0,0,0,0,1,0,1,0,1,0,0,RP-16,3,A
8,0,1,0,0,0,1,0,0,0,1,0,0,0,0,0,1,1,0,0,0,1,0,0,RP-16,3,A
9,1,0,0,0,1,0,1,1,0,0,0,0,0,0,0,1,1,0,1,0,1,0,0,RP-16,3,A
10,0,1,0,0,0,1,0,1,1,0,1,1,0,0,0,1,0,0,0,1,0,0,0,RP-16,3,A
11,0,1,0,0,1,0,0,1,0,1,1,0,0,0,0,0,1,0,1,0,0,0,0,RP-16,3,A
12,0,1,0,0,0,1,0,1,1,1,0,1,0,0,0,1,0,0,1,0,0,0,0,RP-16,3,A
13,0,1,0,0,1,0,0,1,0,1,0,0,0,0,0,0,1,0,1,0,1,0,0,RP-16,3,A
14,0,0,1,0,1,0,0,1,1,1,1,0,0,0,0,0,1,0,0,1,0,0,0,RP-16,3,A
15,0,1,0,0,0,1,0,1,0,1,0,0,0,0,0,1,1,0,0,0,0,0,0,RP-16,3,A
16,0,1,0,0,1,0,0,1,0,1,1,0,0,0,0,0,1,0,0,0,0,0,0,RP-16,3,A
17,0,1,0,0,1,0,0,1,0,0,1,0,0,0,0,0,1,0,0,1,0,0,0,RP-16,3,A
18,0,1,0,0,1,0,0,1,0,0,1,0,0,1,0,0,1,0,1,0,1,0,0,RP-16,3,A
19,0,0,1,0,0,1,0,1,0,0,0,0,0,0,0,1,1,0,0,0,0,0,0,RP-16,3,A
20,0,1,0,0,1,0,0,1,0,1,0,0,0,0,0,0,1,0,0,0,0,0,0,RP-16,3,A
21,0,0,1,0,0,1,0,0,0,1,1,0,0,0,0,0,1,0,1,0,0,0,0,RP-16,3,A
22,0,0,1,0,1,0,1,1,0,0,1,0,0,0,0,1,1,0,0,0,0,0,0,RP-16,3,A
23,0,0,1,0,0,1,0,1,1,1,1,0,0,0,0,1,0,1,0,0,0,0,0,RP-16,3,A
24,0,1,0,0,0,1,0,1,0,1,0,0,0,0,0,0,1,0,0,0,1,0,0,RP-16,3,A
0,0,0,1,0,0,1,0,1,0,1,1,0,0,0,0,1,1,0,0,0,0,0,0,AUS,7,A
1,0,0,1,0,0,1,1,1,0,1,0,0,0,0,0,0,0,0,0,0,0,1,0,AUS,7,A
2,0,1,0,0,0,1,1,1,0,1,1,0,0,0,0,1,1,1,0,0,0,0,0,AUS,7,A
3,0,1,0,0,0,1,0,1,0,1,1,0,0,0,0,1,1,0,0,1,0,0,0,AUS,7,A
4,0,1,0,0,1,0,1,1,0,1,1,0,0,0,0,1,1,0,0,0,1,0,0,AUS,7,A
5,0,0,1,0,1,0,0,1,0,1,1,0,0,0,1,0,1,0,0,1,1,0,0,AUS,7,A
6,0,1,0,0,1,0,1,1,0,1,0,0,0,0,0,1,1,0,0,0,1,0,0,AUS,7,A
7,0,1,0,0,0,1,0,1,0,0,0,0,0,0,1,0,1,0,0,0,1,0,0,AUS,7,A
8,0,0,1,0,0,1,0,1,0,1,1,0,0,0,0,1,0,0,0,0,0,0,0,AUS,7,A
9,0,0,1,0,1,0,0,1,0,0,1,0,0,0,0,1,1,0,0,0,0,0,0,AUS,7,A
10,0,0,1,0,1,0,0,1,0,1,1,0,0,0,1,0,1,0,0,0,0,0,0,AUS,7,A
11,0,0,1,0,1,0,1,1,0,1,1,0,0,0,0,0,1,0,0,0,0,0,0,AUS,7,A
12,0,1,0,0,0,1,0,1,0,1,1,0,0,0,0,1,1,0,0,1,1,0,1,AUS,7,A
13,0,1,0,0,1,0,0,1,0,1,1,0,0,0,0,1,1,1,0,0,1,0,0,AUS,7,A
14,0,0,1,0,1,0,1,1,0,1,1,1,0,0,1,1,1,0,0,1,0,0,0,AUS,7,A
15,0,1,0,0,0,1,1,1,0,1,1,0,0,0,0,1,1,0,0,0,0,0,0,AUS,7,A
16,0,1,0,0,1,0,1,1,0,0,1,0,0,0,0,0,1,0,0,1,1,0,0,AUS,7,A
17,0,1,0,0,1,0,0,1,0,0,0,0,0,0,0,1,1,0,0,0,1,0,0,AUS,7,A
18,0,1,0,0,0,1,0,1,0,1,0,0,0,0,1,1,0,0,0,1,0,0,1,AUS,7,A
19,0,1,0,0,0,1,0,1,0,0,0,0,0,0,0,1,0,0,0,0,0,0,0,AUS,7,A
20,0,1,0,0,0,1,1,1,0,1,0,0,0,0,0,1,0,0,0,0,1,0,0,AUS,7,A
21,0,1,0,0,1,0,0,1,0,1,1,0,0,0,0,1,0,0,0,0,0,0,0,AUS,7,A
22,0,0,1,0,0,1,0,1,0,1,1,0,0,0,1,1,1,0,0,0,0,0,0,AUS,7,A
23,0,1,0,0,1,0,0,1,0,1,0,0,0,0,0,1,1,0,0,0,0,0,0,AUS,7,A
24,0,0,1,0,0,1,0,1,0,1,1,0,0,0,0,1,1,0,0,0,1,0,0,AUS,7,A
0,0,1,0,0,1,0,0,0,1,1,1,0,0,0,1,0,0,0,0,0,0,1,0,ELVA,1,1
1,0,1,0,0,1,0,0,0,0,1,1,0,0,0,0,1,0,0,0,0,1,0,1,ELVA,1,1
2,0,0,1,0,0,1,0,1,0,0,1,0,0,0,0,0,1,0,1,1,0,0,0,ELVA,1,1
3,0,1,0,0,1,0,1,0,0,0,1,0,0,0,1,1,1,0,0,1,0,0,0,ELVA,1,1
4,0,0,1,0,1,0,0,1,0,0,0,0,0,0,0,0,1,0,1,0,0,0,0,ELVA,1,1
5,0,1,0,0,0,1,1,0,0,1,1,0,0,0,0,1,1,0,0,1,1,0,0,ELVA,1,1
6,0,0,1,0,0,1,1,0,0,1,1,0,0,1,0,0,0,0,0,1,0,0,0,ELVA,1,1
7,0,0,1,0,0,1,1,1,1,0,1,0,0,0,0,1,0,0,0,1,0,0,0,ELVA,1,1
8,0,1,0,0,1,0,1,0,0,1,1,0,0,0,0,0,1,0,0,0,0,0,0,ELVA,1,1
9,0,1,0,0,1,0,1,0,0,1,1,0,0,0,0,1,0,0,0,0,1,0,0,ELVA,1,1
10,0,1,0,0,1,0,1,1,0,0,0,0,0,0,0,0,1,0,1,0,0,0,0,ELVA,1,1
11,0,0,1,0,1,0,0,0,1,0,1,0,0,0,0,1,0,0,1,0,0,0,0,ELVA,1,1
12,0,1,0,0,1,0,0,0,1,1,1,1,0,0,0,1,1,0,0,0,1,0,0,ELVA,1,1
13,0,1,0,0,0,1,1,0,0,1,1,0,0,0,0,1,1,0,0,0,0,0,0,ELVA,1,1
14,0,0,1,0,0,1,0,1,1,1,1,0,1,0,0,0,0,1,1,1,0,0,0,ELVA,1,1
15,0,0,1,0,1,0,0,0,0,1,1,0,0,0,0,1,1,0,0,1,0,0,1,ELVA,1,1
16,0,0,1,0,1,0,0,0,0,0,1,0,0,0,1,1,1,0,1,0,0,0,0,ELVA,1,1
17,0,0,1,0,1,0,0,0,1,1,1,0,0,0,0,1,0,0,1,0,0,1,0,ELVA,1,1
18,0,1,0,0,1,0,1,0,0,0,1,0,0,0,0,1,1,0,0,0,0,0,0,ELVA,1,1
19,0,0,1,0,1,0,0,1,0,0,1,0,0,0,0,0,1,1,0,0,0,0,0,ELVA,1,1
20,0,0,1,0,1,0,0,1,0,0,1,0,0,0,0,1,0,0,0,0,1,1,0,ELVA,1,1
21,0,0,1,0,0,1,0,0,0,0,0,0,0,1,0,0,1,1,1,0,1,0,0,ELVA,1,1
22,0,0,1,0,1,0,0,1,0,1,1,0,0,0,0,0,0,1,0,0,0,0,0,ELVA,1,1
23,0,0,1,0,0,1,0,0,0,0,1,0,0,0,0,0,1,0,0,1,0,0,1,ELVA,1,1
24,0,0,1,0,1,0,1,0,1,0,1,0,0,0,0,0,1,0,0,1,0,0,0,ELVA,1,1
0,0,0,1,0,1,0,1,1,0,1,1,0,0,0,0,0,1,0,0,0,0,0,0,RG,9,A
1,0,0,1,0,0,1,0,1,0,0,1,0,1,0,1,0,1,1,0,0,0,0,0,RG,9,A
2,0,0,1,0,0,1,1,1,1,1,0,0,0,0,1,0,0,0,0,0,0,1,0,RG,9,A
3,0,0,1,0,1,0,0,1,0,1,1,0,0,0,0,0,1,0,1,0,0,0,0,RG,9,A
4,0,0,1,0,1,0,0,1,0,0,1,0,0,0,1,1,1,0,0,0,0,0,0,RG,9,A
5,0,0,1,0,0,1,1,1,0,1,1,1,0,0,0,0,1,0,1,1,0,0,1,RG,9,A
6,0,0,1,0,1,0,1,1,0,0,0,0,0,0,0,1,0,1,1,0,0,0,0,RG,9,A
7,0,0,1,0,0,1,1,0,0,1,1,0,0,0,0,0,1,1,0,1,0,0,0,RG,9,A
8,0,0,1,0,1,0,1,1,0,1,1,0,0,0,0,0,0,0,0,1,1,0,0,RG,9,A
9,0,1,0,0,0,1,1,1,1,0,1,0,0,0,0,1,1,0,0,0,0,0,0,RG,9,A
10,0,0,1,0,1,0,0,1,0,1,1,0,0,0,0,1,0,0,0,1,0,1,0,RG,9,A
11,0,0,1,0,1,0,0,1,0,0,1,0,0,0,0,1,1,0,0,1,0,0,0,RG,9,A
12,0,1,0,0,0,1,1,1,0,1,1,0,0,0,0,0,1,0,0,0,0,0,0,RG,9,A
13,0,0,1,0,1,0,0,1,0,0,1,0,0,0,0,0,0,1,0,1,1,0,0,RG,9,A
14,0,0,1,0,1,0,1,1,0,1,0,0,0,0,0,0,1,0,0,0,0,0,0,RG,9,A
15,0,1,0,0,1,0,1,0,0,1,1,0,0,0,1,0,1,0,1,1,0,0,0,RG,9,A
16,0,1,0,0,1,0,0,1,0,1,1,0,0,0,0,0,1,0,0,0,1,0,0,RG,9,A
17,0,0,1,0,1,0,0,1,0,1,1,0,0,0,0,0,1,0,1,0,0,0,0,RG,9,A
18,0,0,1,0,1,0,0,1,0,0,0,0,0,0,0,1,1,0,0,1,1,0,1,RG,9,A
19,0,0,1,0,0,1,0,1,0,1,1,0,0,0,0,1,1,0,0,0,0,0,0,RG,9,A
20,0,1,0,0,1,0,1,1,0,1,1,0,0,0,0,0,1,0,1,0,0,0,0,RG,9,A
21,0,0,1,0,1,0,0,1,0,1,0,0,0,0,1,1,0,0,0,1,0,0,0,RG,9,A
22,0,1,0,0,1,0,0,1,0,0,1,0,0,0,0,1,1,0,1,0,1,0,0,RG,9,A
23,0,1,0,0,1,0,1,1,0,1,1,0,0,0,0,1,0,0,1,0,1,1,0,RG,9,A
24,0,1,0,0,0,1,0,1,0,0,1,0,0,0,0,1,1,0,0,0,0,0,0,RG,9,A
0,0,0,1,0,0,1,0,1,0,1,1,0,0,0,0,1,0,0,1,0,0,0,0,IGNF,1,3
1,0,0,1,0,1,0,1,1,0,0,0,0,0,0,1,0,1,0,0,0,0,0,0,IGNF,1,3
2,0,0,1,0,0,1,0,1,0,1,1,0,0,0,1,1,0,0,0,0,0,0,0,IGNF,1,3
3,0,0,1,1,0,0,0,0,0,1,0,0,0,0,1,0,0,0,1,0,0,0,0,IGNF,1,3
4,0,0,1,0,0,1,0,1,0,1,1,0,0,0,0,0,1,0,1,1,1,1,0,IGNF,1,3
5,0,0,1,0,1,0,0,1,0,1,1,1,0,0,0,1,0,0,1,1,1,0,1,IGNF,1,3
6,0,0,1,0,1,0,0,0,0,1,1,0,0,0,0,1,0,1,0,0,0,0,1,IGNF,1,3
7,0,1,0,0,1,0,0,1,0,1,1,0,0,0,1,1,1,0,0,0,1,0,1,IGNF,1,3
8,0,0,1,0,0,1,1,0,0,0,0,0,0,0,1,0,0,0,0,0,0,0,0,IGNF,1,3
9,0,0,1,0,1,0,0,1,0,0,1,0,0,0,0,0,1,0,1,1,0,0,0,IGNF,1,3
10,0,0,1,0,1,0,1,1,0,1,1,0,0,0,0,0,1,1,0,0,0,0,0,IGNF,1,3
11,0,1,0,0,1,0,1,1,0,1,1,0,0,0,0,0,0,1,0,0,0,0,0,IGNF,1,3
12,0,0,1,0,0,1,0,1,1,1,0,0,0,0,0,0,1,0,0,0,0,0,1,IGNF,1,3
13,0,1,0,0,1,0,0,1,0,1,1,0,0,0,1,1,1,0,0,1,0,0,0,IGNF,1,3
14,0,1,0,0,1,0,0,1,0,1,1,0,0,1,0,0,0,0,0,0,0,0,0,IGNF,1,3
15,0,1,0,0,1,0,0,1,0,1,1,0,0,0,1,0,0,0,0,0,0,0,0,IGNF,1,3
16,0,1,0,0,1,0,0,1,0,1,1,0,0,1,0,1,1,0,0,0,0,0,0,IGNF,1,3
17,0,0,1,0,0,1,0,0,0,1,1,0,0,0,0,0,1,0,0,0,0,0,0,IGNF,1,3
18,0,0,1,0,1,0,0,1,0,1,1,0,0,0,1,0,0,1,1,0,0,0,0,IGNF,1,3
19,0,0,1,0,1,0,0,1,0,0,0,0,0,0,1,0,1,0,1,0,0,0,0,IGNF,1,3
20,0,1,0,0,1,0,0,1,0,1,0,0,1,0,0,1,1,0,0,0,0,0,0,IGNF,1,3
21,0,1,0,0,0,1,1,1,0,0,1,0,0,1,0,0,0,0,0,1,0,0,0,IGNF,1,3
22,0,0,1,0,1,0,0,1,0,1,1,0,0,0,0,1,0,0,0,0,1,0,0,IGNF,1,3
23,0,1,0,0,1,0,0,0,0,0,1,0,0,0,0,0,1,0,0,0,0,0,1,IGNF,1,3
24,0,1,0,0,1,0,0,0,0,1,1,0,0,0,1,1,1,0,0,0,1,0,0,IGNF,1,3
0,0,0,1,0,1,0,1,1,0,1,1,0,0,0,0,0,1,0,0,1,0,0,1,RG,1,5
1,0,0,1,0,1,0,1,1,0,1,0,0,0,0,1,1,0,0,0,1,0,0,0,RG,1,5
2,0,0,1,0,1,0,0,1,0,0,0,0,0,0,0,1,1,1,0,1,1,0,0,RG,1,5
3,0,1,0,0,1,0,1,1,0,1,1,1,1,0,0,1,0,0,1,1,1,0,1,RG,1,5
4,0,1,0,0,1,0,1,0,0,0,0,0,0,0,0,1,1,0,0,0,1,0,0,RG,1,5
5,0,0,1,0,0,1,1,1,0,0,0,0,0,0,0,0,1,0,1,0,0,1,0,RG,1,5
6,0,1,0,0,1,0,0,1,0,0,1,0,0,0,0,1,1,0,0,0,0,0,0,RG,1,5
7,0,1,0,0,0,1,1,1,0,1,0,0,0,0,0,0,0,0,0,0,0,1,0,RG,1,5
8,0,1,0,0,1,0,1,1,0,0,0,0,0,0,0,0,1,0,0,1,1,0,0,RG,1,5
9,0,0,1,0,0,1,0,1,0,0,1,0,0,0,0,0,1,0,0,0,0,1,1,RG,1,5
10,0,0,1,0,1,0,1,1,0,1,1,0,0,0,0,1,0,0,0,1,0,0,1,RG,1,5
11,0,0,1,0,1,0,0,1,0,1,1,0,0,0,0,1,1,1,1,0,0,0,1,RG,1,5
12,0,0,1,0,1,0,1,0,0,1,0,0,0,0,0,1,1,0,0,0,0,1,0,RG,1,5
13,0,1,0,0,1,0,1,0,0,1,0,0,0,0,0,0,0,0,0,0,1,0,0,RG,1,5
14,0,0,1,0,1,0,0,1,0,0,0,0,1,0,0,1,0,0,0,0,1,0,1,RG,1,5
15,0,1,0,0,1,0,1,1,0,0,1,0,0,0,0,0,0,0,0,0,1,0,0,RG,1,5
16,0,0,1,0,0,1,1,0,0,0,1,0,0,0,0,1,1,1,1,0,0,0,0,RG,1,5
17,0,1,0,0,1,0,1,0,0,1,1,0,0,0,1,1,1,0,1,0,1,0,0,RG,1,5
18,0,0,1,0,1,0,0,1,0,1,1,0,0,0,0,0,1,0,1,1,0,0,0,RG,1,5
19,0,0,1,0,1,0,0,1,0,1,1,0,0,0,0,1,1,0,0,1,0,0,1,RG,1,5
20,0,0,1,0,1,0,0,1,1,0,1,0,0,0,0,1,0,0,1,0,0,0,0,RG,1,5
21,0,1,0,0,0,1,1,1,0,1,1,0,0,0,0,1,1,0,1,0,0,0,0,RG,1,5
22,0,0,1,0,1,0,1,1,0,0,1,0,0,1,0,1,1,1,1,0,0,0,0,RG,1,5
23,0,0,1,0,1,0,0,1,0,1,1,0,0,0,0,1,0,0,1,0,0,0,0,RG,1,5
24,0,0,1,0,1,0,0,1,0,0,1,0,0,0,1,0,0,1,0,1,0,0,0,RG,1,5
0,0,0,1,0,1,0,0,1,0,1,1,0,0,0,0,0,0,0,1,1,0,0,0,RG,1,0
1,0,1,0,0,0,1,1,1,0,1,1,0,0,1,1,0,0,0,0,0,1,0,0,RG,1,0
2,0,0,1,0,1,0,1,1,0,1,0,0,1,0,0,0,1,0,1,0,0,0,0,RG,1,0
3,0,0,1,0,0,1,0,1,0,1,1,0,0,0,0,0,0,0,0,1,0,0,0,RG,1,0
4,0,0,1,0,1,0,0,0,0,0,1,0,0,0,0,1,0,0,1,1,0,0,0,RG,1,0
5,0,0,1,0,1,0,0,1,0,0,0,0,0,0,0,0,0,0,1,1,0,0,1,RG,1,0
6,0,1,0,0,1,0,0,1,0,1,1,0,0,0,0,0,1,0,1,0,1,0,0,RG,1,0
7,0,0,1,0,0,1,0,1,0,1,1,1,0,0,0,1,1,0,1,1,1,0,0,RG,1,0
8,0,0,1,0,0,1,0,1,0,0,1,1,0,0,0,0,1,1,1,1,1,0,0,RG,1,0
9,0,0,1,0,0,1,1,1,0,1,1,0,0,0,0,1,1,0,1,0,0,0,0,RG,1,0
10,0,0,1,0,1,0,0,1,0,1,0,0,0,0,0,0,0,1,0,0,0,0,0,RG,1,0
11,0,0,1,0,0,1,0,1,0,0,0,0,0,0,0,1,0,0,0,1,0,0,0,RG,1,0
12,0,1,0,0,0,1,1,1,0,1,1,0,0,0,0,1,1,0,0,1,0,0,0,RG,1,0
13,0,0,1,0,0,1,1,1,0,1,1,0,0,0,0,1,1,0,1,1,0,0,0,RG,1,0
14,0,0,1,0,1,0,0,1,0,0,0,0,0,0,0,0,0,0,1,0,0,0,0,RG,1,0
15,0,1,0,0,1,0,0,1,0,0,1,0,0,0,0,0,0,0,1,1,1,0,0,RG,1,0
16,0,0,1,0,0,1,0,1,0,0,1,0,0,0,0,0,0,0,0,1,0,0,0,RG,1,0
17,0,1,0,0,0,1,1,1,0,1,0,0,0,0,0,1,0,0,0,0,1,0,0,RG,1,0
18,0,0,1,0,0,1,0,1,0,0,1,0,0,0,0,0,1,0,0,1,0,0,0,RG,1,0
19,0,0,1,0,0,1,0,1,0,1,1,0,0,0,0,0,1,0,0,0,0,0,0,RG,1,0
20,0,0,1,0,1,0,0,1,0,1,1,0,0,0,0,1,1,0,0,1,0,0,0,RG,1,0
21,0,0,1,0,1,0,0,1,0,1,0,0,0,0,0,0,1,1,0,1,0,0,0,RG,1,0
22,0,0,1,0,0,1,1,1,0,1,1,0,0,0,0,0,0,0,1,1,0,0,0,RG,1,0
23,0,1,0,0,1,0,0,1,0,1,1,0,0,0,0,1,0,1,1,1,0,0,0,RG,1,0
24,0,0,1,0,1,0,0,1,1,0,1,0,0,0,1,1,0,0,1,1,0,0,0,RG,1,0
0,0,1,0,0,1,0,0,1,0,1,1,0,0,0,0,1,0,0,0,0,1,0,0,ELVA,7,A
1,0,1,0,0,1,0,1,1,0,1,1,0,0,0,0,1,1,0,0,0,1,0,0,ELVA,7,A
2,0,1,0,0,1,0,1,1,0,1,0,0,0,0,0,0,1,0,1,0,0,0,0,ELVA,7,A
3,0,1,0,0,1,0,1,1,0,1,0,0,0,0,0,1,1,0,0,0,1,0,0,ELVA,7,A
4,0,0,1,0,0,1,1,1,0,1,1,0,0,0,0,1,1,0,0,1,1,0,0,ELVA,7,A
5,0,0,1,0,1,0,1,1,0,1,0,0,0,0,1,1,1,0,0,0,0,0,1,ELVA,7,A
6,0,0,1,0,0,1,1,1,1,1,1,0,0,0,0,1,1,1,1,0,1,0,0,ELVA,7,A
7,0,0,1,0,1,0,0,1,0,1,1,0,0,0,1,0,1,0,0,1,0,0,0,ELVA,7,A
8,0,1,0,0,0,1,0,1,0,1,1,0,0,0,0,1,1,0,0,0,0,0,0,ELVA,7,A
9,0,1,0,0,0,1,0,1,0,1,1,0,0,0,0,1,1,0,0,1,0,0,0,ELVA,7,A
10,0,1,0,0,0,1,0,1,0,1,0,0,0,0,0,1,1,0,1,0,1,0,0,ELVA,7,A
11,0,1,0,0,1,0,0,0,1,1,1,1,0,0,0,0,1,1,0,0,0,1,0,ELVA,7,A
12,0,1,0,0,1,0,1,1,0,1,1,0,0,0,0,1,1,0,1,1,1,0,0,ELVA,7,A
13,0,1,0,0,0,1,1,0,0,1,0,0,0,0,0,1,1,1,0,0,0,0,0,ELVA,7,A
14,0,1,0,0,0,1,1,1,0,1,1,0,0,0,0,0,1,0,0,1,1,0,0,ELVA,7,A
15,0,1,0,0,1,0,0,1,1,0,1,0,0,0,0,1,1,0,0,1,0,0,0,ELVA,7,A
16,0,1,0,0,1,0,0,1,0,1,0,0,0,0,0,1,0,0,0,0,1,0,0,ELVA,7,A
17,1,0,0,0,0,1,0,1,0,1,1,0,0,0,0,1,1,0,0,0,1,0,0,ELVA,7,A
18,0,1,0,0,0,1,0,1,0,1,0,0,0,0,1,1,1,0,0,1,1,0,0,ELVA,7,A
19,0,0,1,0,1,0,0,1,0,1,1,0,0,0,1,1,1,0,0,1,0,0,0,ELVA,7,A
20,0,1,0,0,1,0,0,1,0,0,1,0,0,0,1,1,1,0,0,0,0,0,0,ELVA,7,A
21,0,0,1,0,0,1,0,1,0,1,0,0,0,0,0,0,1,0,0,0,0,0,0,ELVA,7,A
22,0,1,0,0,1,0,0,1,0,1,1,0,0,0,0,1,1,0,0,1,0,0,0,ELVA,7,A
23,0,0,1,0,0,1,0,1,0,1,1,0,0,0,0,1,1,0,0,0,0,0,0,ELVA,7,A
24,0,0,1,0,1,0,1,1,1,1,0,0,0,0,0,0,1,0,1,1,0,0,0,ELVA,7,A
0,0,1,0,0,1,0,0,1,0,1,1,0,0,0,0,1,0,0,0,0,1,0,0,IGNF,7,B
1,0,1,0,0,1,0,0,1,0,0,1,0,0,0,1,0,1,1,0,0,0,1,0,IGNF,7,B
2,0,0,1,0,0,1,0,1,0,1,1,0,0,0,0,1,1,0,0,0,0,0,0,IGNF,7,B
3,0,0,1,1,0,0,1,1,1,1,0,0,0,0,0,0,0,1,1,0,0,0,0,IGNF,7,B
4,0,0,1,0,1,0,0,1,0,0,1,0,0,0,0,0,1,1,0,0,0,0,0,IGNF,7,B
5,0,1,0,0,0,1,1,1,0,0,1,0,0,0,0,1,0,0,1,1,0,0,1,IGNF,7,B
6,0,1,0,0,0,1,0,1,0,1,1,0,0,0,0,1,1,1,1,0,1,0,0,IGNF,7,B
7,0,0,1,0,0,1,0,1,0,1,1,0,0,0,1,0,1,1,0,0,0,0,0,IGNF,7,B
8,0,1,0,0,1,0,0,1,0,1,1,0,0,0,1,0,0,0,0,1,1,0,0,IGNF,7,B
9,0,0,1,0,1,0,0,0,0,1,1,1,0,0,0,1,1,0,1,0,0,0,0,IGNF,7,B
10,0,0,1,0,1,0,0,1,0,1,1,0,0,0,0,1,0,0,0,0,0,0,1,IGNF,7,B
11,0,1,0,0,0,1,0,1,0,0,1,0,1,0,0,0,1,0,0,0,0,0,1,IGNF,7,B
12,0,0,1,0,0,1,0,1,0,1,0,0,0,1,1,1,1,1,0,1,0,0,0,IGNF,7,B
13,0,1,0,0,0,1,0,1,0,0,1,0,0,1,0,1,1,0,1,0,0,0,0,IGNF,7,B
14,0,0,1,0,0,1,1,1,0,1,1,0,0,0,0,0,1,0,1,0,0,1,0,IGNF,7,B
15,0,0,1,0,1,0,0,1,0,1,1,0,0,0,0,1,0,0,1,0,0,0,0,IGNF,7,B
16,0,1,0,0,0,1,1,1,0,1,1,0,0,0,1,1,1,0,0,0,0,0,0,IGNF,7,B
17,0,0,1,0,1,0,0,1,0,1,0,0,1,0,0,0,0,0,0,0,1,0,0,IGNF,7,B
18,0,0,1,0,1,0,0,1,0,1,0,1,0,0,0,1,1,1,0,1,0,0,1,IGNF,7,B
19,0,0,1,0,1,0,0,0,0,1,1,0,0,0,1,1,1,1,1,0,0,0,1,IGNF,7,B
20,0,0,1,0,0,1,1,1,0,1,1,0,0,0,0,1,0,0,0,0,0,0,0,IGNF,7,B
21,0,0,1,0,0,1,0,1,0,1,1,0,0,0,0,1,0,0,1,1,0,0,0,IGNF,7,B
22,0,0,1,0,1,0,0,1,0,0,1,0,0,0,0,1,1,0,0,0,0,1,0,IGNF,7,B
23,0,0,1,0,0,1,1,1,0,1,0,0,0,0,1,0,1,0,0,1,0,0,0,IGNF,7,B
24,0,0,1,0,0,1,0,1,0,1,1,0,0,0,0,0,1,0,0,0,1,0,0,IGNF,7,B
0,0,0,1,0,1,0,0,1,0,1,1,0,0,0,1,1,0,0,0,1,0,1,0,RP-16,1,B
1,0,0,1,0,1,0,0,1,1,1,1,0,0,0,0,0,0,0,0,0,0,0,0,RP-16,1,B
2,0,0,1,0,1,0,0,1,0,0,1,0,0,0,0,0,1,0,0,0,0,0,0,RP-16,1,B
3,0,1,0,0,1,0,0,1,0,1,1,0,0,0,0,0,0,0,0,0,0,0,0,RP-16,1,B
4,0,1,0,0,0,1,0,1,0,1,0,0,0,0,0,0,1,0,1,0,1,0,0,RP-16,1,B
5,0,1,0,0,1,0,1,1,0,1,1,0,0,0,1,0,0,0,0,0,0,0,0,RP-16,1,B
6,0,0,1,0,0,1,0,1,0,0,0,0,0,0,0,1,0,0,0,0,0,0,0,RP-16,1,B
7,0,1,0,1,0,0,0,0,0,1,1,0,0,0,0,0,1,0,0,0,0,0,0,RP-16,1,B
8,0,1,0,0,0,1,0,1,1,0,1,0,0,0,0,0,1,0,0,0,0,0,0,RP-16,1,B
9,1,0,0,1,0,0,0,0,0,1,1,0,0,0,0,0,1,0,0,0,1,0,0,RP-16,1,B
10,0,1,0,0,1,0,0,1,0,1,0,0,0,0,0,0,0,0,1,0,0,0,1,RP-16,1,B
11,0,0,1,0,0,1,0,0,0,1,1,0,0,0,0,0,0,0,1,0,0,0,0,RP-16,1,B
12,0,1,0,1,0,0,0,0,0,1,1,0,0,0,1,0,0,0,0,0,1,0,0,RP-16,1,B
13,0,0,1,0,1,0,0,1,0,0,1,0,0,0,1,0,1,0,0,0,0,0,0,RP-16,1,B
14,0,1,0,1,0,0,0,0,0,1,0,0,0,0,0,1,0,0,1,0,1,0,0,RP-16,1,B
15,0,0,1,0,0,1,0,0,0,1,1,0,0,1,0,0,1,1,0,1,0,0,0,RP-16,1,B
16,0,0,1,0,1,0,0,1,0,0,0,0,0,0,0,1,0,0,0,0,0,1,0,RP-16,1,B
17,0,0,1,0,1,0,0,0,1,0,1,0,0,0,0,0,1,0,0,0,0,0,0,RP-16,1,B
18,0,1,0,0,1,0,0,1,0,1,1,0,0,0,0,1,0,1,0,0,0,0,0,RP-16,1,B
19,0,0,1,0,1,0,0,0,0,1,1,0,0,0,0,0,0,0,0,0,0,0,0,RP-16,1,B
20,0,1,0,0,0,1,0,1,0,1,0,0,0,1,0,0,1,0,1,0,1,0,0,RP-16,1,B
21,0,1,0,0,1,0,0,1,0,1,0,0,0,0,0,0,1,0,1,0,0,0,0,RP-16,1,B
22,0,1,0,0,1,0,0,1,0,1,1,0,0,0,0,0,1,0,0,0,0,0,1,RP-16,1,B
23,0,1,0,0,1,0,0,1,0,1,1,0,0,1,0,1,0,0,0,1,1,0,0,RP-16,1,B
24,0,0,1,0,1,0,0,1,1,0,0,0,0,0,1,1,0,0,0,0,0,0,0,RP-16,1,B
0,0,1,0,0,1,0,0,0,0,1,1,0,0,0,0,0,1,0,0,0,1,0,0,RP-16,6,A
1,0,0,1,0,1,0,0,1,0,1,0,0,0,0,0,0,1,1,0,0,0,0,0,RP-16,6,A
2,0,0,1,0,0,1,0,0,1,1,1,0,0,0,0,0,1,0,1,0,0,0,0,RP-16,6,A
3,0,0,1,0,1,0,0,0,0,1,1,0,0,0,0,1,1,0,0,1,0,0,0,RP-16,6,A
4,0,1,0,0,0,1,0,1,0,1,0,0,0,0,0,0,0,0,0,0,0,0,0,RP-16,6,A
5,0,0,1,0,0,1,0,1,1,1,1,0,0,0,0,0,1,0,1,0,0,0,0,RP-16,6,A
6,0,0,1,0,1,0,0,1,0,1,1,0,0,0,0,1,1,1,0,0,0,0,0,RP-16,6,A
7,0,1,0,1,0,0,0,1,1,0,1,0,0,0,0,0,0,1,0,0,1,0,0,RP-16,6,A
8,0,1,0,0,0,1,0,1,0,0,0,1,0,0,0,1,1,0,0,1,1,0,0,RP-16,6,A
9,0,0,1,0,1,0,0,1,0,1,1,0,0,0,0,1,0,0,1,0,0,0,0,RP-16,6,A
10,0,0,1,0,1,0,0,1,0,1,0,0,0,0,0,0,1,1,0,0,0,0,0,RP-16,6,A
11,0,1,0,0,0,1,1,1,0,1,1,0,0,0,0,0,1,0,1,1,1,0,0,RP-16,6,A
12,0,0,1,0,0,1,0,0,1,0,0,0,0,0,0,1,1,0,0,0,0,0,0,RP-16,6,A
13,0,1,0,0,0,1,0,1,0,1,1,0,0,0,0,1,1,1,1,0,1,0,0,RP-16,6,A
14,0,1,0,0,0,1,0,1,0,1,0,0,0,0,0,0,0,1,1,0,1,1,0,RP-16,6,A
15,0,1,0,0,0,1,0,1,1,0,1,0,0,0,0,0,1,1,0,1,1,1,0,RP-16,6,A
16,0,1,0,0,0,1,1,1,0,1,1,0,0,0,0,1,0,0,0,0,0,0,0,RP-16,6,A
17,0,0,1,0,0,1,0,1,0,1,1,0,0,0,0,0,1,0,0,0,0,0,0,RP-16,6,A
18,0,1,0,0,1,0,0,1,0,1,1,0,0,0,0,1,0,0,0,1,0,0,0,RP-16,6,A
19,1,0,0,0,0,1,0,1,0,1,0,0,0,0,0,0,1,0,1,0,1,0,0,RP-16,6,A
20,0,0,1,0,0,1,0,1,0,0,1,0,0,0,0,1,1,0,1,0,0,0,0,RP-16,6,A
21,0,0,1,0,1,0,0,1,0,1,0,0,0,0,0,0,1,0,0,0,0,0,0,RP-16,6,A
22,0,1,0,0,0,1,0,1,1,0,1,0,0,0,0,1,0,0,0,1,0,0,0,RP-16,6,A
23,0,1,0,0,1,0,0,1,1,1,1,0,0,0,0,1,1,0,1,0,0,0,0,RP-16,6,A
24,0,1,0,0,0,1,0,1,0,1,1,0,0,0,0,1,1,0,0,0,0,0,0,RP-16,6,A
0,0,0,1,0,1,0,1,1,0,1,0,0,0,0,0,0,0,0,1,1,0,0,0,IGNF,1,1
1,0,0,1,1,0,0,0,0,0,1,0,0,0,0,0,0,1,0,1,0,0,0,0,IGNF,1,1
2,0,0,1,0,0,1,1,1,0,0,1,0,0,0,0,0,0,0,0,1,0,1,0,IGNF,1,1
3,0,0,1,0,1,0,0,1,0,1,1,0,0,0,1,0,0,1,0,1,0,1,0,IGNF,1,1
4,0,0,1,0,1,0,1,1,0,1,1,0,0,0,0,1,0,0,0,0,0,1,0,IGNF,1,1
5,0,1,0,0,1,0,0,1,1,1,1,0,1,0,0,0,1,0,0,1,1,0,1,IGNF,1,1
6,0,0,1,1,0,0,0,1,0,0,1,0,0,0,1,1,0,1,0,1,1,0,0,IGNF,1,1
7,0,0,1,0,1,0,0,1,0,1,1,0,0,0,0,0,1,0,0,0,0,0,0,IGNF,1,1
8,0,1,0,1,0,0,0,1,0,0,1,0,0,0,1,0,0,0,1,0,1,0,0,IGNF,1,1
9,0,0,1,0,1,0,0,0,0,1,1,0,0,0,0,0,1,0,1,0,0,0,0,IGNF,1,1
10,0,0,1,0,1,0,0,1,0,1,1,0,0,0,0,0,0,0,1,0,0,0,0,IGNF,1,1
11,0,1,0,0,1,0,1,1,0,1,1,0,0,0,0,0,0,0,0,0,1,1,0,IGNF,1,1
12,0,0,1,0,1,0,1,1,0,0,0,0,0,0,0,0,0,1,0,0,0,0,0,IGNF,1,1
13,0,0,1,0,1,0,0,1,0,1,1,0,0,0,1,0,0,0,1,0,0,0,0,IGNF,1,1
14,0,1,0,0,1,0,1,1,0,0,1,0,0,0,0,0,0,0,0,0,1,0,1,IGNF,1,1
15,0,0,1,0,1,0,0,1,0,0,1,0,0,0,0,0,1,0,0,1,0,0,0,IGNF,1,1
16,0,0,1,0,1,0,1,1,0,1,1,0,0,0,0,1,0,0,0,1,0,0,1,IGNF,1,1
17,0,0,1,0,1,0,0,0,0,1,1,0,0,0,0,1,0,1,0,0,0,0,0,IGNF,1,1
18,0,0,1,0,1,0,1,1,0,1,0,0,0,0,0,1,1,0,1,1,0,0,0,IGNF,1,1
19,0,1,0,0,1,0,0,1,0,0,0,0,0,0,0,0,1,0,0,0,0,1,1,IGNF,1,1
20,0,0,1,0,0,1,0,1,0,1,0,0,0,0,0,0,1,0,0,0,1,0,0,IGNF,1,1
21,0,0,1,1,0,0,0,0,0,1,0,0,0,0,1,0,1,0,0,1,0,0,1,IGNF,1,1
22,0,0,1,0,1,0,0,1,0,1,1,0,0,0,0,1,0,0,1,1,0,0,0,IGNF,1,1
23,0,0,1,0,1,0,0,1,0,1,0,0,0,0,0,0,0,1,1,1,0,0,0,IGNF,1,1
24,0,1,0,0,1,0,1,1,0,0,1,0,0,0,0,1,0,0,0,0,1,0,0,IGNF,1,1
0,0,1,0,0,1,0,0,1,1,1,1,0,0,0,0,0,1,0,0,1,0,0,0,RP-16,8,B
1,0,0,1,0,1,0,0,0,1,1,0,0,0,0,0,1,1,0,0,0,0,0,0,RP-16,8,B
2,0,1,0,0,1,0,0,1,0,0,1,0,0,0,0,0,1,0,0,0,1,0,0,RP-16,8,B
3,0,0,1,0,0,1,0,1,0,0,0,0,0,0,0,1,0,1,0,0,0,0,0,RP-16,8,B
4,0,0,1,0,0,1,1,1,0,1,0,0,0,0,0,0,1,0,0,1,0,1,0,RP-16,8,B
5,0,1,0,0,1,0,1,1,0,1,1,0,0,0,0,0,1,0,0,1,1,0,0,RP-16,8,B
6,0,0,1,0,0,1,0,0,0,1,1,0,0,0,1,0,0,1,1,1,0,0,0,RP-16,8,B
7,0,1,0,0,1,0,1,1,0,0,1,0,0,0,0,0,1,0,0,0,1,0,0,RP-16,8,B
8,0,0,1,0,0,1,0,0,0,1,1,0,0,0,0,0,1,0,1,0,0,0,0,RP-16,8,B
9,0,0,1,0,0,1,0,1,0,1,1,0,0,0,0,0,0,0,0,0,0,0,0,RP-16,8,B
10,0,1,0,0,0,1,1,1,0,0,1,0,0,0,0,1,1,0,1,0,1,0,0,RP-16,8,B
11,0,0,1,0,0,1,1,0,1,1,1,0,0,0,0,0,1,1,1,0,0,0,0,RP-16,8,B
12,0,0,1,0,0,1,1,1,0,1,1,0,0,0,0,1,0,0,0,0,0,0,0,RP-16,8,B
13,1,0,0,0,0,1,1,1,0,1,0,0,0,0,0,0,1,0,0,0,1,0,0,RP-16,8,B
14,0,1,0,0,0,1,0,1,1,1,1,0,0,0,0,1,0,0,0,0,0,0,0,RP-16,8,B
15,0,0,1,0,1,0,0,1,0,1,1,0,0,0,0,0,1,0,1,0,0,0,0,RP-16,8,B
16,0,1,0,0,1,0,0,1,1,1,1,0,0,0,0,0,1,0,0,0,1,0,0,RP-16,8,B
17,0,0,1,0,1,0,0,0,0,1,1,0,0,0,0,0,0,0,0,0,0,0,0,RP-16,8,B
18,0,1,0,0,1,0,0,1,0,0,1,0,0,0,0,0,1,0,1,0,1,0,0,RP-16,8,B
19,0,1,0,0,1,0,0,1,0,1,1,0,0,0,0,0,1,0,0,0,0,0,0,RP-16,8,B
20,0,0,1,0,0,1,0,1,1,1,1,0,0,0,0,0,0,0,0,0,0,0,0,RP-16,8,B
21,0,1,0,0,0,1,0,1,0,1,1,0,0,0,0,1,1,0,0,0,0,0,0,RP-16,8,B
22,0,0,1,0,1,0,0,0,1,1,1,0,0,0,0,0,1,0,0,0,0,0,0,RP-16,8,B
23,0,1,0,0,1,0,1,1,0,1,1,0,0,0,0,1,1,0,0,1,1,0,0,RP-16,8,B
24,0,1,0,0,1,0,0,1,0,1,1,0,0,0,0,1,1,0,1,0,1,0,0,RP-16,8,B
0,0,0,1,0,0,1,0,0,0,1,1,0,0,0,0,0,1,0,0,1,0,0,0,AUS,1,A
1,0,1,0,0,1,0,1,1,0,0,1,0,0,0,0,1,1,0,1,1,1,0,0,AUS,1,A
2,0,1,0,0,0,1,1,1,0,1,0,0,0,0,1,0,1,0,0,0,0,1,0,AUS,1,A
3,0,0,1,0,1,0,0,1,0,1,0,0,0,0,0,1,1,0,0,1,0,0,0,AUS,1,A
4,0,0,1,0,0,1,0,1,0,1,1,0,0,0,0,0,0,0,1,0,0,0,0,AUS,1,A
5,0,1,0,0,1,0,0,1,0,1,0,0,0,0,0,0,0,0,0,1,0,0,0,AUS,1,A
6,0,1,0,0,0,1,1,1,0,1,1,0,0,0,0,0,0,0,0,0,1,0,0,AUS,1,A
7,0,1,0,0,1,0,0,1,0,1,0,0,0,0,0,1,1,0,1,0,1,0,0,AUS,1,A
8,0,0,1,0,1,0,1,0,0,0,1,0,0,0,1,1,0,0,0,0,0,0,0,AUS,1,A
9,0,1,0,0,1,0,0,1,1,1,0,0,0,0,0,1,1,0,0,0,1,0,0,AUS,1,A
10,0,1,0,0,0,1,0,1,0,0,0,0,0,0,0,1,1,0,0,0,0,0,0,AUS,1,A
11,0,1,0,0,0,1,0,1,0,1,1,0,0,0,0,1,0,0,1,1,1,0,0,AUS,1,A
12,0,1,0,0,0,1,1,0,0,1,1,0,0,0,1,0,1,0,0,0,0,0,0,AUS,1,A
13,0,0,1,0,1,0,1,0,0,1,1,0,0,0,0,0,0,0,1,0,1,0,0,AUS,1,A
14,0,0,1,0,1,0,1,0,0,1,1,0,0,0,0,0,1,0,0,1,1,1,0,AUS,1,A
15,0,0,1,0,1,0,0,1,0,0,1,0,0,0,1,0,1,0,0,1,0,0,1,AUS,1,A
16,0,1,0,0,0,1,0,1,0,0,0,0,0,0,0,0,1,0,0,0,1,0,0,AUS,1,A
17,0,1,0,0,0,1,0,1,0,1,1,0,0,0,0,0,1,0,0,1,1,0,0,AUS,1,A
18,0,0,1,0,0,1,0,1,0,1,1,0,0,0,0,1,0,0,1,1,0,0,0,AUS,1,A
19,0,1,0,0,1,0,1,1,0,1,0,0,0,0,0,0,1,0,1,0,1,0,0,AUS,1,A
20,0,1,0,0,0,1,1,0,0,1,1,0,0,0,0,0,1,0,0,0,0,0,0,AUS,1,A
21,0,1,0,0,0,1,0,1,0,1,1,0,0,0,0,0,1,0,0,1,0,0,0,AUS,1,A
22,0,0,1,0,1,0,0,1,0,0,0,0,0,0,1,1,1,0,0,0,0,0,0,AUS,1,A
23,0,0,1,0,1,0,1,1,0,1,1,0,0,0,0,0,0,0,0,0,0,0,0,AUS,1,A
24,0,1,0,0,1,0,1,1,0,1,1,0,0,0,0,1,1,0,0,1,1,1,0,AUS,1,A
0,1,0,0,0,1,0,0,1,0,0,1,0,0,0,0,1,1,0,0,0,1,0,0,RP-16,5,A
1,0,1,0,0,1,0,0,1,1,1,0,0,0,0,0,0,1,0,1,0,0,0,0,RP-16,5,A
2,0,1,0,0,1,0,0,1,0,1,1,0,0,0,0,0,1,0,1,0,1,0,0,RP-16,5,A
3,0,0,1,0,0,1,0,1,0,1,1,0,0,0,0,1,1,1,0,0,0,0,0,RP-16,5,A
4,1,0,0,0,1,0,1,0,0,1,1,0,0,0,0,0,1,0,0,0,0,0,0,RP-16,5,A
5,0,1,0,0,1,0,0,0,1,1,0,0,0,0,0,0,1,0,0,0,0,0,0,RP-16,5,A
6,0,0,1,0,1,0,0,1,0,0,1,0,0,0,0,0,1,0,0,0,0,0,0,RP-16,5,A
7,0,1,0,0,0,1,0,1,0,1,0,0,0,0,0,1,1,0,0,0,1,0,0,RP-16,5,A
8,0,1,0,0,1,0,0,1,0,1,1,0,0,0,0,1,0,0,0,0,0,0,0,RP-16,5,A
9,0,0,1,0,0,1,0,1,1,1,1,0,0,0,0,1,0,0,0,0,0,0,0,RP-16,5,A
10,0,0,1,0,1,0,0,1,0,0,0,0,0,0,0,1,0,1,1,1,0,1,0,RP-16,5,A
11,0,1,0,0,1,0,0,1,0,1,1,0,0,0,0,1,0,0,0,0,0,0,0,RP-16,5,A
12,0,0,1,0,0,1,0,0,0,0,1,0,0,0,0,1,1,0,0,0,0,1,0,RP-16,5,A
13,0,0,1,0,0,1,0,1,0,0,1,0,0,0,0,0,0,0,0,1,1,0,0,RP-16,5,A
14,0,0,1,0,0,1,0,1,1,1,1,0,0,0,0,1,1,0,0,0,0,0,0,RP-16,5,A
15,0,0,1,0,1,0,0,0,0,1,0,0,0,0,0,1,1,0,0,0,0,0,0,RP-16,5,A
16,0,1,0,0,0,1,0,1,0,1,1,0,0,0,0,0,1,0,1,1,0,0,0,RP-16,5,A
17,0,0,1,0,0,1,0,1,1,0,1,0,0,0,0,0,0,1,0,0,0,0,0,RP-16,5,A
18,0,1,0,0,0,1,0,1,0,0,1,0,0,0,0,1,1,0,0,0,0,0,0,RP-16,5,A
19,0,1,0,0,1,0,0,1,0,1,1,0,0,0,0,1,1,0,0,1,1,0,0,RP-16,5,A
20,0,0,1,0,0,1,0,1,1,1,0,0,0,0,0,0,1,0,1,0,0,0,0,RP-16,5,A
21,0,1,0,0,1,0,0,0,1,1,1,0,1,0,0,0,1,0,0,0,0,1,0,RP-16,5,A
22,0,1,0,0,1,0,0,1,0,1,1,0,0,0,0,1,0,0,1,0,0,0,0,RP-16,5,A
23,0,0,1,0,0,1,0,0,0,1,1,0,0,0,0,1,1,1,0,0,0,0,0,RP-16,5,A
24,0,1,0,0,1,0,0,0,0,1,1,0,0,0,0,0,1,0,1,0,1,0,0,RP-16,5,A
0,0,0,1,0,1,0,0,1,0,0,0,0,0,0,0,0,0,0,0,1,0,0,0,RG,6,A
1,0,0,1,0,0,1,1,1,0,1,0,0,0,0,0,0,0,0,0,0,0,0,0,RG,6,A
2,0,1,0,0,1,0,0,1,0,1,1,0,0,0,0,0,0,0,1,1,1,0,1,RG,6,A
3,0,1,0,0,1,0,1,1,0,1,1,0,0,0,1,1,1,0,1,0,1,0,0,RG,6,A
4,0,0,1,0,0,1,0,1,0,1,1,0,0,0,0,1,0,0,0,0,0,1,0,RG,6,A
5,0,0,1,0,1,0,0,1,0,0,0,0,0,0,0,1,1,0,1,0,0,0,0,RG,6,A
6,0,1,0,0,1,0,0,1,0,1,0,0,0,0,0,1,1,0,0,0,1,0,0,RG,6,A
7,0,0,1,0,0,1,1,1,0,1,0,0,0,0,0,0,0,0,0,1,0,1,0,RG,6,A
8,0,0,1,0,0,1,1,1,0,0,0,0,0,0,0,0,1,0,0,0,0,0,0,RG,6,A
9,0,1,0,0,1,0,1,0,0,1,1,0,0,0,1,1,0,1,0,0,1,0,0,RG,6,A
10,0,0,1,0,1,0,0,1,0,0,0,0,0,0,0,0,0,1,0,0,0,0,0,RG,6,A
11,0,0,1,0,1,0,0,1,0,1,1,0,0,0,0,1,0,0,0,1,0,0,1,RG,6,A
12,0,0,1,0,0,1,0,1,0,1,0,0,0,0,0,0,1,0,0,0,0,0,0,RG,6,A
13,0,0,1,0,1,0,0,0,0,1,1,0,0,0,0,1,1,0,1,0,0,0,0,RG,6,A
14,0,1,0,0,1,0,1,1,0,1,1,0,0,0,0,0,0,0,1,0,0,0,0,RG,6,A
15,0,1,0,0,1,0,1,1,0,1,1,0,0,0,0,0,0,0,0,0,1,0,0,RG,6,A
16,0,0,1,0,0,1,1,1,0,0,0,0,0,0,0,1,1,0,1,0,0,0,0,RG,6,A
17,0,0,1,0,1,0,0,1,0,0,0,0,0,0,1,1,1,1,0,0,0,0,0,RG,6,A
18,0,1,0,0,0,1,1,1,0,1,0,0,0,0,0,0,1,0,1,0,0,0,0,RG,6,A
19,0,1,0,0,1,0,0,1,0,1,1,0,0,0,1,0,1,0,0,0,1,0,0,RG,6,A
20,0,0,1,0,0,1,0,1,0,0,1,0,0,0,0,0,0,0,1,1,0,0,0,RG,6,A
21,0,0,1,0,1,0,0,1,0,0,1,0,0,0,0,1,1,1,0,1,0,1,0,RG,6,A
22,0,0,1,0,0,1,1,1,0,0,1,0,0,0,0,1,1,0,0,1,0,1,0,RG,6,A
23,0,0,1,0,0,1,1,1,1,1,1,0,0,0,0,0,1,0,1,1,0,0,1,RG,6,A
24,0,1,0,0,0,1,0,1,0,1,1,0,0,0,0,0,1,0,0,0,0,0,0,RG,6,A
0,0,0,1,0,0,1,1,1,0,1,1,0,0,0,0,0,1,0,0,0,0,1,0,RG,1,3
1,0,0,1,0,0,1,1,1,0,1,1,0,0,0,1,1,1,0,0,0,0,0,0,RG,1,3
2,0,1,0,0,1,0,1,0,0,0,1,0,0,0,1,0,0,0,0,0,1,0,0,RG,1,3
3,0,1,0,0,0,1,1,1,0,1,1,0,1,0,0,1,0,0,0,0,0,0,0,RG,1,3
4,0,0,1,0,1,0,1,1,0,1,0,0,0,0,0,1,0,0,0,1,0,0,0,RG,1,3
5,0,1,0,0,1,0,1,1,0,1,1,0,0,0,0,0,1,0,0,0,1,0,0,RG,1,3
6,0,1,0,0,1,0,0,1,0,0,1,0,0,0,0,1,0,0,1,0,1,0,0,RG,1,3
7,0,0,1,0,0,1,1,1,0,1,1,0,0,0,0,0,0,0,0,0,1,0,1,RG,1,3
8,0,1,0,0,1,0,0,1,0,0,1,0,0,0,1,1,1,0,0,0,0,0,0,RG,1,3
9,0,0,1,0,0,1,1,1,0,0,1,0,0,0,0,1,0,0,1,0,0,0,0,RG,1,3
10,0,1,0,0,0,1,1,1,0,0,1,0,0,0,1,1,0,0,0,0,1,0,0,RG,1,3
11,0,0,1,0,0,1,1,1,0,1,1,0,0,0,0,1,1,0,1,0,1,0,0,RG,1,3
12,0,0,1,0,0,1,1,1,0,1,1,0,0,0,0,0,1,0,0,0,0,0,0,RG,1,3
13,0,0,1,0,0,1,1,1,0,0,1,0,0,0,0,1,1,0,0,0,0,0,0,RG,1,3
14,0,0,1,0,0,1,1,0,0,1,1,0,0,0,0,0,0,0,0,0,0,0,0,RG,1,3
15,0,0,1,0,1,0,1,1,0,0,1,0,0,0,0,1,0,0,0,0,0,0,0,RG,1,3
16,0,1,0,0,0,1,1,1,0,0,0,0,0,0,0,0,0,0,0,1,1,1,0,RG,1,3
17,0,1,0,0,1,0,1,1,0,1,1,0,0,0,0,0,0,0,0,1,0,0,1,RG,1,3
18,0,0,1,0,1,0,1,0,0,0,0,0,0,0,0,0,1,0,1,0,1,0,0,RG,1,3
19,0,0,1,0,0,1,1,1,0,1,0,0,0,0,0,0,1,0,0,1,0,0,0,RG,1,3
20,0,0,1,0,1,0,0,1,0,1,1,0,0,0,0,1,0,0,0,0,0,0,0,RG,1,3
21,0,1,0,0,1,0,0,1,0,1,1,0,0,0,1,1,1,0,0,1,0,0,0,RG,1,3
22,0,0,1,0,1,0,0,1,0,0,1,0,0,0,0,1,1,1,1,0,0,0,0,RG,1,3
23,0,1,0,0,1,0,1,1,0,0,1,0,0,0,0,1,0,0,0,0,1,0,0,RG,1,3
24,0,0,1,0,0,1,1,1,0,1,1,1,0,0,0,0,0,0,0,0,0,0,0,RG,1,3
0,0,1,0,0,1,0,1,1,0,1,0,0,0,0,0,1,1,0,0,0,0,0,0,AUS-Drift,1,B
1,0,1,0,0,1,0,0,1,0,1,1,0,0,0,0,1,1,0,0,0,0,0,0,AUS-Drift,1,B
2,0,1,0,0,1,0,0,1,0,1,1,0,0,0,0,1,0,0,0,0,1,0,0,AUS-Drift,1,B
3,0,0,1,0,1,0,0,1,1,1,1,0,0,0,0,1,1,0,0,0,0,0,0,AUS-Drift,1,B
4,0,1,0,0,1,0,0,0,0,1,1,0,0,0,0,0,0,0,1,0,0,0,0,AUS-Drift,1,B
5,0,0,1,0,0,1,0,0,0,1,1,0,0,1,0,0,1,0,0,0,0,0,0,AUS-Drift,1,B
6,0,0,1,0,1,0,0,1,0,0,1,0,0,0,0,1,1,1,0,0,0,0,0,AUS-Drift,1,B
7,0,1,0,0,0,1,0,1,0,1,0,1,0,0,0,0,1,0,0,0,0,0,0,AUS-Drift,1,B
8,0,1,0,0,0,1,0,0,0,1,0,0,0,0,0,1,0,0,1,0,0,0,0,AUS-Drift,1,B
9,0,0,1,0,0,1,0,1,1,0,0,0,0,0,0,1,0,0,0,0,0,0,0,AUS-Drift,1,B
10,0,1,0,0,1,0,0,0,0,1,0,0,0,0,0,0,1,0,0,0,1,0,0,AUS-Drift,1,B
11,0,1,0,1,0,0,0,1,1,1,0,0,0,0,0,0,1,0,1,0,0,1,0,AUS-Drift,1,B
12,0,0,1,1,0,0,0,1,1,1,1,0,0,0,0,0,0,0,0,0,0,0,0,AUS-Drift,1,B
13,0,1,0,0,1,0,0,1,0,0,1,0,0,0,0,1,1,0,0,0,0,0,0,AUS-Drift,1,B
14,0,0,1,0,0,1,1,1,0,0,0,0,0,0,0,1,0,1,0,0,0,0,0,AUS-Drift,1,B
15,0,0,1,0,0,1,0,1,1,1,1,0,0,0,0,0,1,0,0,0,0,0,0,AUS-Drift,1,B
16,0,1,0,0,0,1,1,1,0,1,0,1,0,0,0,1,1,1,0,0,0,0,0,AUS-Drift,1,B
17,0,0,1,0,1,0,0,1,0,1,1,0,0,0,0,1,1,0,0,0,0,0,0,AUS-Drift,1,B
18,0,0,1,0,1,0,1,1,0,1,1,0,0,0,0,0,1,1,1,0,0,0,0,AUS-Drift,1,B
19,0,1,0,0,1,0,0,1,0,1,0,0,0,0,0,1,1,0,0,0,0,0,0,AUS-Drift,1,B
20,0,0,1,0,0,1,1,1,0,1,1,0,0,0,0,1,1,0,0,0,0,0,0,AUS-Drift,1,B
21,0,1,0,0,0,1,0,1,0,1,0,0,0,0,1,1,1,0,0,0,1,0,0,AUS-Drift,1,B
22,0,0,1,0,1,0,0,1,0,1,1,0,0,0,0,1,1,0,1,0,0,0,0,AUS-Drift,1,B
23,0,0,1,0,1,0,0,1,0,1,1,0,0,0,0,0,0,1,0,1,0,0,0,AUS-Drift,1,B
24,0,0,1,0,0,1,1,1,0,1,1,0,0,0,0,0,1,0,1,0,0,0,0,AUS-Drift,1,B
0,0,1,0,0,1,0,0,1,0,0,0,0,0,0,0,0,0,0,1,0,1,1,0,ELVA,1,A
1,0,0,1,0,0,1,0,1,0,0,1,0,0,0,0,0,1,0,1,0,0,0,0,ELVA,1,A
2,0,1,0,0,0,1,0,1,0,1,1,0,0,0,0,1,0,0,0,1,1,1,0,ELVA,1,A
3,0,1,0,0,1,0,0,1,0,1,1,0,0,0,0,0,0,0,0,0,1,0,0,ELVA,1,A
4,0,0,1,0,0,1,1,1,1,1,1,0,0,0,0,0,1,0,1,1,0,0,1,ELVA,1,A
5,0,0,1,0,0,1,1,1,0,1,1,0,0,0,0,1,1,1,1,0,1,1,0,ELVA,1,A
6,0,1,0,0,0,1,0,1,0,0,1,0,0,0,1,1,1,0,0,1,0,0,0,ELVA,1,A
7,0,0,1,0,1,0,0,1,0,0,1,0,0,0,0,0,1,0,0,1,0,0,0,ELVA,1,A
8,0,1,0,0,0,1,1,1,0,1,1,0,0,0,0,0,0,0,0,0,0,0,0,ELVA,1,A
9,0,0,1,0,0,1,0,1,0,1,1,0,0,0,0,0,1,1,0,0,0,0,0,ELVA,1,A
10,0,0,1,0,1,0,0,1,0,0,1,0,0,0,0,1,1,0,1,0,0,0,0,ELVA,1,A
11,0,1,0,0,1,0,1,1,0,1,1,0,0,0,0,0,1,0,0,0,0,0,0,ELVA,1,A
12,0,0,1,0,0,1,1,1,0,1,0,0,0,0,0,1,0,0,1,1,0,0,0,ELVA,1,A
13,0,1,0,0,1,0,1,1,0,1,1,0,0,0,0,0,1,0,0,1,1,0,0,ELVA,1,A
14,0,1,0,0,0,1,0,1,0,1,0,0,0,0,0,0,0,0,1,0,1,1,0,ELVA,1,A
15,0,0,1,0,1,0,0,1,0,1,1,0,0,0,0,0,1,0,0,0,0,0,0,ELVA,1,A
16,0,1,0,0,0,1,0,1,0,0,1,0,0,0,0,0,1,0,0,1,0,0,1,ELVA,1,A
17,0,0,1,0,0,1,0,1,0,0,1,0,0,0,0,1,1,0,0,0,0,0,0,ELVA,1,A
18,0,1,0,0,1,0,0,1,0,0,0,0,0,0,0,1,1,0,1,0,0,0,0,ELVA,1,A
19,0,1,0,0,0,1,1,1,0,1,1,0,0,0,0,0,1,0,0,0,1,0,0,ELVA,1,A
20,0,1,0,0,1,0,0,0,0,1,1,0,1,0,0,0,0,0,0,0,0,0,1,ELVA,1,A
21,0,1,0,0,0,1,0,1,0,0,0,0,0,0,0,0,1,0,0,0,1,0,0,ELVA,1,A
22,0,1,0,0,1,0,0,1,0,1,1,0,0,0,0,1,1,0,0,1,0,0,0,ELVA,1,A
23,0,0,1,0,1,0,1,1,0,1,0,0,0,0,0,0,1,0,0,1,0,0,0,ELVA,1,A
24,0,1,0,0,1,0,1,1,0,1,0,0,0,0,1,1,1,0,0,0,0,0,0,ELVA,1,A
0,0,1,0,0,1,0,1,1,0,1,0,0,0,0,0,1,0,0,1,1,1,0,1,IGNF,1,B
1,0,1,0,0,1,0,1,1,0,0,0,0,0,0,1,1,0,0,1,1,1,0,0,IGNF,1,B
2,0,0,1,0,0,1,0,1,0,1,1,0,0,0,0,1,1,0,1,0,0,0,0,IGNF,1,B
3,0,0,1,0,1,0,0,1,0,0,0,0,0,0,0,1,1,0,1,0,0,0,0,IGNF,1,B
4,0,1,0,0,1,0,0,1,0,0,0,0,0,0,0,1,1,0,1,0,0,0,0,IGNF,1,B
5,0,0,1,0,1,0,0,1,0,1,1,0,0,0,0,1,0,0,0,0,0,0,0,IGNF,1,B
6,0,1,0,0,1,0,1,1,0,0,0,0,0,0,1,1,0,1,1,0,1,0,0,IGNF,1,B
7,0,1,0,0,0,1,1,1,0,1,1,0,0,0,0,0,1,0,1,0,1,1,1,IGNF,1,B
8,0,0,1,0,0,1,1,1,0,1,0,0,0,0,0,0,0,0,0,0,0,0,0,IGNF,1,B
9,0,0,1,0,0,1,0,1,0,0,1,0,0,0,0,1,0,1,1,0,0,0,0,IGNF,1,B
10,0,1,0,0,1,0,0,1,0,1,0,0,0,0,0,1,0,0,1,1,0,0,0,IGNF,1,B
11,0,0,1,0,1,0,0,1,0,1,1,0,0,0,0,1,1,0,1,0,1,1,0,IGNF,1,B
12,0,0,1,0,0,1,0,1,0,1,1,0,0,0,0,1,1,0,1,0,0,0,0,IGNF,1,B
13,0,0,1,0,1,0,0,1,0,0,0,0,0,0,0,1,1,0,1,1,0,0,0,IGNF,1,B
14,0,0,1,0,1,0,0,1,0,1,1,0,0,0,0,0,1,1,1,0,0,0,0,IGNF,1,B
15,0,0,1,0,1,0,0,1,0,1,0,0,0,0,1,0,1,0,1,1,0,0,0,IGNF,1,B
16,0,0,1,0,1,0,1,1,0,0,1,0,0,0,0,1,0,0,0,0,0,0,0,IGNF,1,B
17,0,0,1,0,0,1,1,1,0,0,1,0,0,0,0,1,1,0,1,1,0,1,0,IGNF,1,B
18,0,1,0,0,1,0,0,1,0,0,0,0,0,0,0,0,1,0,1,1,1,0,0,IGNF,1,B
19,0,0,1,0,1,0,1,1,0,1,1,0,0,0,0,1,1,1,0,0,0,0,0,IGNF,1,B
20,0,0,1,0,0,1,0,1,0,0,0,0,0,0,0,0,1,0,1,0,0,0,0,IGNF,1,B
21,0,0,1,0,1,0,0,0,0,0,0,0,0,0,0,1,1,0,0,1,1,0,0,IGNF,1,B
22,0,0,1,0,1,0,1,0,0,0,1,0,0,0,0,1,1,0,1,0,0,1,0,IGNF,1,B
23,0,1,0,0,1,0,0,1,0,1,0,0,0,0,0,0,1,0,1,0,0,1,0,IGNF,1,B
24,0,0,1,0,1,0,1,1,0,1,0,0,0,0,0,1,1,0,1,0,0,0,0,IGNF,1,B
0,0,1,0,0,0,1,1,1,0,1,0,0,0,0,0,0,0,0,0,0,1,0,0,RG,3,A
1,0,0,1,0,0,1,0,1,0,0,0,0,0,0,1,0,1,0,1,0,1,0,0,RG,3,A
2,0,0,1,0,1,0,0,0,0,1,0,0,0,0,0,1,0,0,1,0,0,0,0,RG,3,A
3,0,0,1,0,1,0,1,0,0,1,1,0,0,0,0,0,0,0,0,1,0,0,0,RG,3,A
4,0,1,0,0,1,0,1,1,0,0,1,0,0,0,0,1,0,0,1,1,0,0,0,RG,3,A
5,0,1,0,0,0,1,1,0,0,0,0,0,0,0,0,0,0,0,0,0,1,0,0,RG,3,A
6,0,0,1,0,1,0,0,1,0,1,0,0,0,0,0,0,0,1,1,1,0,0,0,RG,3,A
7,0,0,1,0,1,0,1,0,0,1,1,0,0,0,1,1,1,0,1,0,0,0,0,RG,3,A
8,0,0,1,0,1,0,1,1,0,1,0,0,0,0,0,0,0,0,1,0,1,0,0,RG,3,A
9,0,0,1,0,0,1,1,1,0,0,0,0,0,0,0,0,1,0,0,0,0,1,0,RG,3,A
10,0,0,1,0,1,0,1,1,0,1,1,0,0,0,0,1,0,0,0,0,1,1,0,RG,3,A
11,0,0,1,0,0,1,0,1,0,0,0,0,0,0,0,0,0,1,0,1,1,0,0,RG,3,A
12,0,0,1,0,1,0,1,1,0,0,1,0,0,0,0,0,1,0,0,1,0,0,0,RG,3,A
13,0,1,0,0,0,1,1,1,0,0,1,0,0,0,0,0,0,0,0,0,1,0,0,RG,3,A
14,0,0,1,0,0,1,1,0,0,1,1,0,0,0,0,0,0,0,1,1,0,0,0,RG,3,A
15,0,0,1,0,1,0,1,1,0,1,1,0,0,0,0,1,1,1,1,1,0,0,0,RG,3,A
16,0,0,1,0,0,1,1,1,1,0,1,0,0,0,0,0,0,0,0,0,0,1,1,RG,3,A
17,0,0,1,0,0,1,1,1,0,1,1,0,0,0,0,0,0,1,1,0,0,0,0,RG,3,A
18,0,1,0,0,0,1,1,1,0,0,1,0,0,0,0,0,0,0,0,1,1,0,0,RG,3,A
19,0,0,1,0,1,0,1,0,0,0,1,0,0,0,0,0,1,0,0,0,0,0,0,RG,3,A
20,0,0,1,0,0,1,1,1,1,1,1,0,0,0,0,1,1,0,1,1,1,0,0,RG,3,A
21,0,0,1,0,0,1,1,1,0,0,1,0,0,0,0,0,0,0,0,0,0,0,0,RG,3,A
22,0,0,1,0,0,1,1,1,0,1,1,0,0,0,0,0,0,1,1,1,0,0,0,RG,3,A
23,0,0,1,0,1,0,1,0,0,1,1,0,0,0,1,0,1,0,0,1,1,0,0,RG,3,A
24,0,0,1,0,1,0,1,1,0,1,1,0,0,0,0,1,0,0,1,1,0,0,0,RG,3,A
0,0,0,1,0,0,1,0,1,0,1,1,0,0,0,1,0,0,0,1,0,0,0,0,AUS,3,B
1,0,0,1,0,0,1,0,1,0,1,1,0,0,0,0,0,1,0,0,0,0,0,0,AUS,3,B
2,0,1,0,0,0,1,0,1,0,1,1,0,0,0,0,1,0,0,0,0,1,0,0,AUS,3,B
3,0,0,1,0,0,1,0,0,0,0,1,1,0,0,0,0,1,1,0,1,0,0,0,AUS,3,B
4,0,0,1,0,0,1,0,0,0,0,1,0,0,0,0,0,1,1,0,0,0,0,0,AUS,3,B
5,0,0,1,0,0,1,1,1,0,0,0,0,0,0,0,0,0,0,0,1,0,0,0,AUS,3,B
6,0,0,1,0,0,1,0,1,0,1,1,0,0,0,0,0,0,0,1,0,0,1,0,AUS,3,B
7,0,0,1,0,1,0,1,1,0,1,1,0,0,0,0,1,0,0,0,1,1,0,0,AUS,3,B
8,0,0,1,0,1,0,0,1,1,0,1,0,0,0,0,1,1,0,0,1,0,0,1,AUS,3,B
9,0,1,0,0,0,1,0,1,0,1,1,0,0,1,0,0,1,0,0,0,0,0,0,AUS,3,B
10,0,1,0,0,0,1,1,1,0,0,1,0,0,0,0,1,0,0,0,1,0,0,0,AUS,3,B
11,0,0,1,0,0,1,1,1,0,1,1,0,0,0,0,0,1,0,0,0,1,0,0,AUS,3,B
12,0,0,1,0,0,1,0,1,0,0,1,0,0,0,0,0,0,0,0,1,0,0,0,AUS,3,B
13,0,0,1,0,1,0,0,1,1,0,1,1,0,0,0,0,1,1,0,0,0,0,0,AUS,3,B
14,0,1,0,0,1,0,0,1,0,0,0,0,0,0,0,1,1,0,0,0,1,0,0,AUS,3,B
15,0,0,1,0,1,0,1,1,0,0,1,0,0,0,0,0,1,1,0,1,0,0,0,AUS,3,B
16,0,0,1,0,0,1,0,1,0,1,1,0,0,0,0,1,1,0,0,1,0,0,1,AUS,3,B
17,0,0,1,0,0,1,0,1,0,1,1,1,0,0,0,0,0,0,0,1,1,0,0,AUS,3,B
18,0,1,0,0,1,0,0,1,0,1,1,0,0,0,0,0,1,0,1,1,1,0,0,AUS,3,B
19,0,1,0,0,1,0,0,1,0,1,1,0,0,0,0,1,0,0,0,0,0,0,1,AUS,3,B
20,0,0,1,0,0,1,1,1,0,1,1,0,0,0,0,0,0,0,0,0,0,0,0,AUS,3,B
21,0,0,1,0,1,0,0,1,0,0,1,0,0,0,0,1,0,0,0,0,0,0,0,AUS,3,B
22,0,0,1,0,0,1,0,1,0,0,1,0,0,0,0,1,0,0,0,1,0,0,1,AUS,3,B
0,0,1,0,0,0,1,0,1,0,1,0,0,1,0,0,1,1,0,0,0,0,1,0,LPM,1,A
1,0,1,0,0,1,0,0,0,0,1,1,1,0,0,0,0,1,0,0,0,0,0,0,LPM,1,A
2,0,0,1,0,1,0,0,1,0,1,1,0,0,0,0,0,0,1,1,0,0,0,0,LPM,1,A
3,0,0,1,0,0,1,0,0,0,1,0,0,0,0,0,1,1,0,0,0,0,0,0,LPM,1,A
4,0,0,1,0,1,0,0,1,1,0,1,1,0,0,0,1,0,1,0,0,0,0,0,LPM,1,A
5,0,1,0,0,0,1,0,1,1,1,1,1,0,0,0,1,0,0,1,0,1,0,0,LPM,1,A
6,0,0,1,0,0,1,0,1,0,1,1,0,0,0,0,1,0,0,0,0,0,1,0,LPM,1,A
7,0,0,1,0,0,1,1,1,0,1,0,0,0,0,0,1,1,1,0,0,0,0,0,LPM,1,A
8,1,0,0,0,1,0,0,1,0,1,0,0,0,0,1,0,1,0,0,0,1,0,0,LPM,1,A
9,0,1,0,0,1,0,0,1,0,1,0,0,0,0,0,0,1,0,1,0,1,0,0,LPM,1,A
10,0,1,0,0,0,1,0,1,0,0,0,0,0,0,0,0,1,0,1,0,0,0,0,LPM,1,A
11,0,1,0,0,1,0,0,1,0,1,0,0,0,0,0,1,1,0,1,0,1,0,0,LPM,1,A
12,0,0,1,0,1,0,0,1,0,1,1,0,0,0,0,1,0,1,1,0,0,0,0,LPM,1,A
13,0,1,0,0,1,0,0,1,1,1,1,0,0,0,0,1,1,0,0,0,0,0,0,LPM,1,A
14,1,0,0,0,1,0,0,1,1,1,0,1,0,0,0,0,0,0,1,0,0,0,0,LPM,1,A
15,0,0,1,0,0,1,0,1,1,1,0,0,0,0,0,1,1,0,1,0,0,0,0,LPM,1,A
16,0,0,1,0,0,1,0,1,0,1,1,0,1,0,0,0,0,0,0,0,0,0,0,LPM,1,A
17,0,1,0,0,0,1,0,1,0,1,1,1,0,0,0,0,1,0,1,0,0,0,0,LPM,1,A
18,0,1,0,1,0,0,0,0,1,1,0,0,0,0,0,1,1,0,1,0,1,0,0,LPM,1,A
19,0,1,0,0,1,0,0,1,0,1,1,0,0,0,0,0,1,0,0,0,0,0,0,LPM,1,A
20,0,0,1,0,0,1,0,1,0,1,0,1,0,0,0,1,1,0,0,0,0,0,0,LPM,1,A
21,0,1,0,0,1,0,0,1,1,1,1,0,0,0,0,0,1,0,0,0,1,0,0,LPM,1,A
22,0,0,1,0,1,0,1,0,0,1,1,0,0,0,0,0,1,1,1,0,0,0,0,LPM,1,A
23,0,0,1,0,0,1,0,1,0,1,0,0,0,0,0,1,1,0,1,0,0,0,0,LPM,1,A
0,0,0,1,0,1,0,0,0,0,1,1,0,0,0,0,1,0,0,1,1,0,0,0,IGNF,1,7
1,0,0,1,0,1,0,0,1,0,1,1,0,0,0,0,0,1,1,0,1,0,0,0,IGNF,1,7
2,0,0,1,1,0,0,0,0,0,1,0,0,0,0,1,0,0,0,0,0,1,0,0,IGNF,1,7
3,0,0,1,0,0,1,1,1,0,1,1,0,0,0,0,0,0,0,0,0,0,1,0,IGNF,1,7
4,0,0,1,0,1,0,0,1,0,1,1,0,0,0,0,1,1,1,1,0,0,1,0,IGNF,1,7
5,0,0,1,0,0,1,0,0,0,1,1,0,0,0,0,0,1,0,1,0,0,1,0,IGNF,1,7
6,0,0,1,0,0,1,0,1,0,1,0,0,0,0,0,1,1,0,0,1,0,0,0,IGNF,1,7
7,0,0,1,0,1,0,0,1,1,1,1,0,0,0,0,1,1,0,0,0,0,0,0,IGNF,1,7
8,0,0,1,0,1,0,0,1,0,1,0,0,0,0,0,0,1,0,1,1,1,0,0,IGNF,1,7
9,0,0,1,0,1,0,0,0,0,1,1,0,0,0,0,1,0,0,0,0,0,0,0,IGNF,1,7
10,0,1,0,0,1,0,0,1,0,1,1,0,0,0,0,1,0,0,1,1,0,0,0,IGNF,1,7
11,0,0,1,0,0,1,0,1,0,1,1,0,0,0,1,1,1,0,0,0,1,0,0,IGNF,1,7
12,0,0,1,0,0,1,0,0,0,1,1,0,0,0,0,1,0,0,1,1,0,0,0,IGNF,1,7
13,0,0,1,0,0,1,1,1,0,1,0,0,0,0,0,1,1,0,0,0,1,0,0,IGNF,1,7
14,0,1,0,0,1,0,0,0,0,1,0,0,0,0,0,1,1,0,1,0,1,0,0,IGNF,1,7
15,0,0,1,0,1,0,0,1,0,0,1,0,0,0,0,1,1,0,1,0,0,0,0,IGNF,1,7
16,0,1,0,0,1,0,0,0,0,1,1,0,0,0,1,1,1,0,1,0,1,0,0,IGNF,1,7
17,0,0,1,0,0,1,0,1,0,1,1,0,0,0,0,1,1,0,0,0,0,0,0,IGNF,1,7
18,0,0,1,0,0,1,0,1,0,0,1,0,0,0,1,1,0,0,0,1,0,0,1,IGNF,1,7
19,0,0,1,0,1,0,1,1,0,1,1,0,0,0,0,0,0,0,0,1,1,0,0,IGNF,1,7
20,0,0,1,0,0,1,0,1,0,1,1,0,0,0,0,1,1,1,0,0,0,0,1,IGNF,1,7
21,0,0,1,0,1,0,0,0,0,1,0,0,0,0,0,0,0,0,1,1,0,0,0,IGNF,1,7
22,0,0,1,0,1,0,0,0,1,1,1,0,0,0,0,0,0,1,0,1,0,0,0,IGNF,1,7
23,0,0,1,0,0,1,0,1,0,1,1,0,0,0,0,1,1,0,0,0,0,1,0,IGNF,1,7
24,0,0,1,0,1,0,0,1,0,0,1,0,0,0,0,1,0,0,0,1,1,0,0,IGNF,1,7
0,0,1,0,0,0,1,1,0,0,1,1,0,0,0,0,1,0,0,1,0,1,0,0,AUS,3,A
1,0,0,1,0,0,1,1,1,0,0,1,0,0,0,0,1,0,0,1,0,0,0,0,AUS,3,A
2,0,1,0,0,1,0,0,1,0,0,0,0,0,0,0,1,0,0,0,1,0,0,1,AUS,3,A
3,0,0,1,0,0,1,0,1,0,1,1,0,0,0,0,0,0,1,0,0,0,1,0,AUS,3,A
4,0,1,0,0,1,0,0,1,0,1,1,0,0,0,0,1,0,0,1,0,1,0,1,AUS,3,A
5,0,1,0,0,1,0,0,1,0,1,1,1,0,0,0,1,0,0,0,1,1,0,0,AUS,3,A
6,0,0,1,0,0,1,0,1,0,1,1,0,0,0,0,1,0,0,0,1,0,0,0,AUS,3,A
7,0,0,1,0,0,1,0,1,0,1,1,0,0,0,1,1,0,0,0,0,0,0,0,AUS,3,A
8,0,1,0,0,0,1,0,1,0,1,1,0,0,0,1,0,0,0,1,1,1,0,0,AUS,3,A
9,0,0,1,0,0,1,1,0,0,1,1,0,0,0,0,0,1,0,0,0,1,0,1,AUS,3,A
10,0,0,1,0,0,1,1,0,0,1,1,0,0,0,0,0,0,1,0,1,0,0,0,AUS,3,A
11,0,1,0,0,0,1,0,1,0,1,1,0,0,0,0,0,1,0,0,0,0,0,1,AUS,3,A
12,0,0,1,0,0,1,0,1,0,1,1,0,0,0,0,0,1,1,1,0,0,0,0,AUS,3,A
13,0,1,0,0,1,0,0,1,0,0,1,0,0,0,1,0,1,0,0,1,1,0,0,AUS,3,A
14,0,0,1,0,0,1,0,1,0,1,1,0,0,0,0,1,1,0,0,1,0,0,0,AUS,3,A
15,0,1,0,0,1,0,0,1,0,1,1,0,0,0,0,0,0,0,1,1,1,0,0,AUS,3,A
16,0,1,0,0,0,1,1,1,0,0,1,0,0,0,0,0,1,0,0,0,0,1,0,AUS,3,A
17,0,0,1,0,0,1,1,1,0,1,1,1,0,0,0,1,0,0,0,0,0,0,0,AUS,3,A
18,0,0,1,0,0,1,1,0,0,1,1,0,0,0,0,0,0,0,0,0,1,0,0,AUS,3,A
19,0,0,1,0,1,0,1,0,0,1,1,0,0,0,1,1,1,0,1,0,0,0,0,AUS,3,A
20,0,0,1,0,0,1,0,1,0,1,1,0,0,0,0,1,1,0,0,1,1,0,0,AUS,3,A
21,0,1,0,0,0,1,0,1,0,1,1,0,1,0,0,0,0,0,0,0,0,0,0,AUS,3,A
22,0,0,1,0,0,1,1,1,0,1,1,0,0,0,0,1,1,0,1,0,1,0,0,AUS,3,A
23,0,1,0,0,0,1,1,1,1,0,1,0,0,0,0,0,0,0,0,0,1,0,0,AUS,3,A
24,0,1,0,0,1,0,1,1,0,1,1,0,0,0,0,0,1,0,0,1,1,0,0,AUS,3,A
0,0,1,0,0,1,0,0,1,1,0,1,0,0,0,1,0,1,0,0,0,1,0,0,ELVA,1,B
1,0,0,1,0,0,1,0,0,0,1,1,0,0,0,0,0,1,0,1,0,1,0,0,ELVA,1,B
2,0,1,0,0,0,1,0,1,0,1,1,0,0,0,0,1,0,0,1,1,0,0,0,ELVA,1,B
3,0,1,0,0,0,1,0,1,0,1,1,0,0,0,1,1,0,0,0,1,0,0,0,ELVA,1,B
4,0,1,0,0,1,0,1,1,0,1,0,0,0,0,0,0,0,0,0,0,0,1,0,ELVA,1,B
5,0,1,0,0,1,0,0,1,0,1,1,0,0,0,0,1,1,0,0,0,1,0,0,ELVA,1,B
6,0,1,0,0,0,1,1,1,0,1,0,0,0,0,0,1,1,0,0,0,0,0,0,ELVA,1,B
7,0,1,0,0,0,1,1,1,1,1,1,0,0,0,0,1,1,0,0,0,1,0,1,ELVA,1,B
8,0,1,0,0,0,1,1,1,0,0,1,0,0,0,0,1,1,0,1,0,0,0,0,ELVA,1,B
9,0,0,1,0,1,0,1,0,0,1,0,1,0,0,1,1,1,0,1,0,0,0,1,ELVA,1,B
10,0,1,0,0,1,0,0,1,0,0,0,0,0,0,0,1,0,0,0,0,0,0,0,ELVA,1,B
11,0,0,1,0,1,0,0,1,0,1,0,0,0,0,0,0,0,0,0,0,0,0,0,ELVA,1,B
12,0,1,0,0,1,0,1,1,0,1,0,0,0,0,0,1,0,0,0,0,0,0,0,ELVA,1,B
13,0,1,0,0,1,0,0,1,0,1,1,0,0,0,0,1,1,0,0,0,0,0,0,ELVA,1,B
14,0,0,1,0,0,1,0,1,0,1,1,0,0,0,0,1,1,0,0,1,0,0,0,ELVA,1,B
15,0,0,1,0,1,0,1,1,0,1,0,0,0,0,0,1,0,1,0,0,0,0,1,ELVA,1,B
16,0,1,0,0,1,0,1,1,0,0,0,0,0,0,0,1,1,0,0,1,0,0,0,ELVA,1,B
17,0,0,1,0,0,1,1,1,0,1,1,0,0,0,0,0,0,0,0,0,0,0,0,ELVA,1,B
18,0,0,1,0,1,0,0,0,0,1,0,0,0,0,0,0,1,0,0,0,0,0,1,ELVA,1,B
19,0,1,0,0,1,0,0,1,0,1,1,0,0,0,0,0,0,0,0,0,0,0,0,ELVA,1,B
20,0,1,0,0,1,0,0,1,1,1,1,0,0,0,0,1,1,0,0,0,0,0,0,ELVA,1,B
21,0,1,0,0,1,0,0,1,0,1,1,0,0,0,0,1,0,0,1,1,1,0,0,ELVA,1,B
22,0,1,0,0,1,0,0,1,0,1,0,0,0,0,0,1,1,0,0,0,0,0,0,ELVA,1,B
0,0,0,1,0,0,1,0,0,0,0,1,0,0,0,0,0,1,0,1,1,0,0,1,IGNF,1,A
1,0,0,1,0,0,1,0,0,0,1,1,0,0,0,1,0,0,1,1,0,0,1,0,IGNF,1,A
2,0,0,1,0,1,0,1,1,0,1,1,0,0,0,0,1,1,1,1,1,1,0,0,IGNF,1,A
3,0,0,1,0,0,1,0,1,0,1,1,0,0,0,0,1,1,0,0,1,0,0,0,IGNF,1,A
4,0,0,1,0,1,0,1,1,0,0,1,0,0,0,0,0,1,1,1,0,0,0,0,IGNF,1,A
5,0,0,1,0,1,0,1,1,0,1,1,0,0,0,0,1,1,0,0,0,0,0,0,IGNF,1,A
6,0,0,1,0,1,0,1,0,0,1,1,0,0,0,0,1,0,0,1,0,0,1,0,IGNF,1,A
7,0,0,1,0,1,0,1,0,1,0,0,0,0,0,1,1,0,1,0,0,0,0,0,IGNF,1,A
8,0,0,1,0,0,1,0,1,0,1,1,0,0,0,0,1,0,0,1,1,0,0,0,IGNF,1,A
9,0,1,0,1,0,0,0,1,0,1,1,0,0,0,0,1,1,0,1,0,0,0,0,IGNF,1,A
10,0,0,1,0,1,0,0,1,1,1,0,0,0,0,0,0,0,0,1,0,1,0,0,IGNF,1,A
11,0,0,1,0,0,1,0,1,1,1,1,0,0,0,0,1,1,0,0,0,0,0,0,IGNF,1,A
12,0,1,0,0,1,0,1,0,0,1,0,0,0,0,0,0,0,0,0,1,0,0,0,IGNF,1,A
13,0,0,1,0,1,0,0,1,0,1,1,0,0,0,1,1,1,0,1,0,0,0,0,IGNF,1,A
14,0,0,1,0,1,0,0,1,0,1,0,0,0,0,0,0,1,0,1,1,0,1,1,IGNF,1,A
15,0,0,1,0,0,1,0,1,0,1,0,0,0,0,1,1,0,0,1,0,0,0,0,IGNF,1,A
16,0,0,1,0,1,0,1,1,0,1,0,0,0,0,0,0,0,0,1,0,0,0,0,IGNF,1,A
17,0,0,1,0,1,0,1,1,0,1,1,0,0,0,1,0,0,0,0,0,0,0,0,IGNF,1,A
18,0,0,1,0,1,0,0,0,0,0,1,0,0,0,0,0,0,1,1,0,1,0,0,IGNF,1,A
19,0,0,1,0,0,1,0,1,0,0,1,0,1,0,0,1,0,0,0,1,0,0,0,IGNF,1,A
20,0,0,1,1,0,0,0,1,0,0,1,0,0,0,0,0,0,0,1,1,1,0,0,IGNF,1,A
21,0,0,1,0,1,0,0,1,0,1,1,0,0,0,0,1,0,1,1,0,0,0,0,IGNF,1,A
22,0,0,1,0,1,0,0,1,0,1,1,0,0,0,1,0,1,0,0,1,1,0,0,IGNF,1,A
23,0,0,1,0,0,1,1,1,0,0,1,0,0,0,0,1,0,1,1,0,0,0,0,IGNF,1,A
24,0,1,0,0,1,0,0,1,0,0,1,0,0,0,0,0,1,0,0,1,1,0,0,IGNF,1,A
0,0,0,1,0,1,0,1,1,0,0,1,0,0,0,1,0,0,0,1,1,1,0,0,RG,3,B
1,0,1,0,0,0,1,1,1,0,1,1,0,0,0,1,1,0,0,1,1,0,0,0,RG,3,B
2,0,1,0,0,1,0,1,1,0,1,1,0,0,0,0,0,1,0,1,0,1,0,0,RG,3,B
3,0,0,1,0,1,0,1,1,0,1,1,0,0,0,1,1,0,0,1,1,0,0,0,RG,3,B
4,0,1,0,0,1,0,1,1,0,0,0,0,0,0,0,0,1,0,0,0,0,0,1,RG,3,B
5,0,1,0,0,1,0,0,1,0,0,1,0,0,0,0,1,0,0,0,1,0,0,0,RG,3,B
6,1,0,0,0,1,0,1,1,0,1,0,0,0,0,0,1,1,0,1,0,1,0,0,RG,3,B
7,0,1,0,0,0,1,1,1,0,1,1,0,0,0,0,1,1,0,0,1,1,0,0,RG,3,B
8,0,0,1,0,0,1,1,1,1,1,1,0,0,0,0,0,1,0,1,0,0,0,0,RG,3,B
9,0,1,0,0,1,0,1,0,0,0,0,0,0,0,0,0,1,0,0,0,1,0,0,RG,3,B
10,0,0,1,0,0,1,0,1,0,1,1,0,0,0,0,1,1,0,1,0,0,0,0,RG,3,B
11,0,1,0,0,0,1,1,1,0,0,0,0,0,0,0,0,1,1,0,1,1,0,0,RG,3,B
12,0,1,0,0,0,1,1,1,0,1,0,0,0,0,0,1,0,0,0,0,1,0,0,RG,3,B
13,0,1,0,0,1,0,1,0,0,1,1,0,0,0,1,1,0,0,0,0,0,0,0,RG,3,B
14,1,0,0,1,0,0,1,1,0,0,0,0,0,0,1,0,1,0,1,0,1,0,0,RG,3,B
15,0,0,1,0,1,0,0,1,0,0,1,0,0,0,0,0,1,0,1,0,0,0,1,RG,3,B
16,0,0,1,0,0,1,1,1,0,0,0,0,0,0,0,0,1,1,0,0,0,0,0,RG,3,B
17,0,1,0,0,1,0,1,1,0,0,1,0,0,0,1,1,1,0,0,1,0,0,0,RG,3,B
18,0,0,1,0,1,0,0,1,0,0,1,0,0,0,1,1,1,1,0,0,1,0,0,RG,3,B
19,0,1,0,0,0,1,1,1,0,1,1,0,0,0,0,1,1,0,1,0,0,0,0,RG,3,B
20,0,0,1,0,1,0,1,1,0,0,1,0,0,0,0,1,0,1,0,0,0,0,0,RG,3,B
21,0,1,0,0,1,0,1,0,0,0,1,0,0,0,0,1,1,0,0,0,1,0,0,RG,3,B
22,0,0,1,0,0,1,1,0,0,1,1,0,0,0,0,1,1,0,1,0,0,0,0,RG,3,B
0,0,0,1,0,0,1,1,1,0,0,1,0,0,0,0,1,0,0,0,0,0,0,1,IGNF,1,7
1,0,0,1,0,1,0,1,1,0,1,1,0,0,0,0,1,1,0,1,0,1,0,0,IGNF,1,7
2,0,0,1,0,0,1,0,1,0,1,1,0,0,0,0,0,1,0,0,0,0,0,0,IGNF,1,7
3,0,1,0,0,1,0,1,1,0,0,1,0,0,0,0,0,1,0,1,1,0,0,0,IGNF,1,7
4,0,1,0,0,0,1,0,1,0,0,0,0,0,0,0,0,0,0,0,0,0,1,0,IGNF,1,7
5,0,1,0,0,1,0,0,1,0,1,1,0,0,0,0,1,0,0,1,0,0,0,0,IGNF,1,7
6,0,1,0,0,0,1,1,1,0,1,1,0,0,0,1,1,0,0,0,0,0,0,0,IGNF,1,7
7,0,0,1,0,0,1,0,1,0,1,0,0,0,0,0,1,1,0,0,1,0,0,1,IGNF,1,7
8,0,1,0,0,0,1,0,1,0,1,1,0,0,0,0,0,1,0,0,0,1,0,0,IGNF,1,7
9,0,0,1,0,1,0,0,1,0,1,1,0,0,0,1,0,0,0,1,1,0,0,0,IGNF,1,7
10,0,1,0,0,1,0,0,0,0,1,0,0,0,0,1,1,0,0,0,0,0,0,0,IGNF,1,7
11,0,0,1,0,1,0,0,0,0,0,1,0,0,0,0,1,0,0,0,0,0,0,0,IGNF,1,7
12,0,0,1,0,1,0,0,1,0,0,1,0,0,0,0,0,1,0,0,0,0,1,0,IGNF,1,7
13,0,1,0,0,1,0,0,1,0,0,1,0,0,0,0,1,1,1,1,0,0,0,0,IGNF,1,7
14,0,0,1,0,1,0,0,1,0,1,1,0,0,0,0,0,0,0,1,0,0,0,0,IGNF,1,7
15,0,1,0,0,1,0,0,1,0,1,1,0,0,0,0,0,1,0,0,0,0,0,0,IGNF,1,7
16,0,0,1,0,0,1,1,1,0,1,1,0,0,0,1,0,0,0,0,0,0,0,0,IGNF,1,7
17,0,0,1,0,1,0,0,0,0,1,1,0,0,0,0,1,0,0,0,1,1,0,0,IGNF,1,7
18,0,0,1,0,0,1,0,1,0,0,0,0,0,0,0,1,0,0,1,0,0,0,0,IGNF,1,7
19,0,1,0,0,1,0,0,1,0,1,0,0,0,0,1,0,1,0,1,1,0,0,0,IGNF,1,7
20,0,1,0,0,0,1,0,1,0,1,1,0,0,1,0,1,0,0,1,0,1,0,1,IGNF,1,7
21,0,1,0,0,1,0,1,1,0,0,1,0,0,0,0,0,0,0,0,1,0,0,0,IGNF,1,7
22,0,1,0,0,1,0,0,1,0,0,1,0,0,0,0,0,0,0,1,0,0,0,0,IGNF,1,7
23,0,0,1,0,1,0,0,1,0,1,1,0,0,0,1,0,0,0,1,0,1,0,0,IGNF,1,7
24,0,0,1,0,1,0,0,1,0,1,1,0,0,0,0,1,0,0,0,1,0,0,1,IGNF,1,7
0,0,1,0,0,1,0,0,1,1,0,1,0,0,0,0,1,1,0,0,1,0,0,0,LPM,1,B
1,0,1,0,0,1,0,0,0,1,1,1,0,0,1,0,1,1,0,0,0,0,0,0,LPM,1,B
2,0,0,1,0,1,0,0,1,0,1,0,0,0,0,0,0,1,0,1,0,0,0,0,LPM,1,B
3,0,0,1,0,1,0,0,1,0,1,1,0,1,0,0,0,1,0,0,0,0,0,0,LPM,1,B
4,0,0,1,0,1,0,0,1,1,1,1,0,0,0,0,0,0,1,0,0,0,0,0,LPM,1,B
5,0,1,0,0,1,0,1,1,0,1,0,0,0,0,0,1,0,0,1,0,1,0,0,LPM,1,B
6,0,0,1,0,1,0,0,1,1,1,1,0,0,0,0,0,1,0,1,0,0,1,0,LPM,1,B
7,1,0,0,0,1,0,0,1,0,1,1,0,0,0,0,1,1,0,0,0,1,0,0,LPM,1,B
8,0,0,1,1,0,0,0,1,0,1,0,0,0,0,0,0,1,0,1,0,0,0,0,LPM,1,B
9,0,0,1,1,0,0,0,0,0,1,0,0,0,1,0,1,1,0,0,0,0,0,0,LPM,1,B
10,0,1,0,0,1,0,0,1,0,1,0,0,0,0,0,0,1,0,0,0,0,0,0,LPM,1,B
11,0,0,1,0,0,1,1,1,0,1,1,0,0,0,0,0,1,1,1,0,1,0,0,LPM,1,B
12,0,0,1,0,1,0,1,0,0,1,1,0,0,0,0,1,0,0,1,0,0,1,0,LPM,1,B
13,0,0,1,0,0,1,0,0,0,1,1,0,1,0,0,0,1,1,0,0,0,0,0,LPM,1,B
14,0,0,1,0,0,1,0,1,1,1,1,1,0,0,0,1,0,0,0,0,0,0,0,LPM,1,B
15,0,0,1,0,0,1,0,1,1,0,1,0,0,0,0,0,0,0,0,0,0,1,0,LPM,1,B
16,1,0,0,0,1,0,0,1,0,1,1,0,0,0,0,1,1,0,0,0,0,0,0,LPM,1,B
17,0,0,1,0,1,0,0,1,0,1,1,1,0,0,1,0,1,0,0,0,0,0,0,LPM,1,B
18,0,1,0,0,1,0,0,1,0,1,1,1,0,0,0,0,1,0,1,0,0,0,0,LPM,1,B
19,0,0,1,0,1,0,0,1,1,1,1,0,1,0,0,0,1,0,0,0,0,0,0,LPM,1,B
20,0,1,0,0,0,1,0,1,1,1,1,1,0,0,0,0,0,0,0,0,0,0,0,LPM,1,B
21,0,0,1,0,0,1,0,1,1,1,1,0,0,0,0,0,1,1,0,0,0,0,0,LPM,1,B
22,0,0,1,0,1,0,0,0,1,1,1,0,0,0,0,1,0,0,1,0,0,0,0,LPM,1,B
23,0,0,1,0,0,1,0,1,0,1,1,0,1,0,0,1,1,1,1,0,0,0,0,LPM,1,B
0,0,0,1,0,1,0,0,1,0,0,1,0,0,0,0,1,0,0,1,0,0,0,0,RP-16,5,B
1,0,0,1,1,0,0,0,1,1,1,0,0,0,0,0,1,0,0,0,0,0,0,0,RP-16,5,B
2,0,1,0,0,1,0,0,1,0,1,0,0,0,0,0,0,1,0,0,0,0,0,0,RP-16,5,B
3,0,1,0,0,1,0,0,1,0,0,1,0,0,0,0,1,1,0,1,0,1,0,0,RP-16,5,B
4,0,1,0,0,1,0,0,1,0,1,1,0,0,0,0,1,1,0,0,0,1,0,0,RP-16,5,B
5,1,0,0,0,1,0,0,1,0,1,1,0,0,0,0,1,1,0,1,0,1,0,0,RP-16,5,B
6,0,0,1,0,0,1,0,1,0,1,0,0,0,0,0,1,0,0,0,0,0,0,0,RP-16,5,B
7,0,0,1,0,1,0,0,1,0,1,0,0,0,0,0,1,1,0,0,1,0,0,0,RP-16,5,B
8,0,1,0,0,0,1,1,0,0,1,1,0,0,0,0,0,0,0,1,0,0,0,0,RP-16,5,B
9,0,0,1,0,1,0,0,1,0,0,1,0,0,0,0,0,1,0,0,0,0,0,0,RP-16,5,B
10,0,0,1,1,0,0,0,1,0,0,0,0,0,1,0,0,1,0,0,1,0,0,0,RP-16,5,B
11,0,1,0,0,0,1,0,1,0,0,1,0,0,0,0,1,1,0,1,0,0,0,0,RP-16,5,B
12,0,1,0,0,1,0,0,1,0,0,0,0,0,0,1,0,1,0,1,0,1,0,0,RP-16,5,B
13,0,1,0,0,1,0,0,1,0,1,0,0,0,0,0,0,1,0,1,0,0,0,0,RP-16,5,B
14,0,1,0,0,1,0,0,1,0,0,0,0,0,0,0,1,1,0,1,0,1,0,0,RP-16,5,B
15,0,1,0,0,0,1,0,1,0,1,0,0,0,0,0,1,1,0,0,0,0,1,0,RP-16,5,B
16,0,1,0,0,1,0,0,1,0,1,1,0,0,0,0,0,1,0,1,0,0,0,0,RP-16,5,B
17,0,0,1,0,0,1,0,0,0,1,0,0,0,0,0,1,1,1,0,0,0,0,0,RP-16,5,B
18,0,1,0,0,0,1,0,1,0,1,0,0,0,0,0,1,1,1,1,0,0,0,0,RP-16,5,B
19,0,1,0,0,1,0,0,1,0,0,0,0,0,0,1,0,1,0,0,1,1,0,0,RP-16,5,B
20,0,0,1,0,0,1,0,1,0,1,1,0,0,0,0,0,1,0,0,0,0,0,0,RP-16,5,B
21,0,1,0,0,1,0,0,1,0,0,1,0,0,0,0,1,1,1,0,0,0,0,0,RP-16,5,B
22,0,0,1,1,0,0,0,1,0,1,0,0,0,0,0,1,1,0,1,0,0,0,0,RP-16,5,B
23,1,0,0,0,0,1,0,1,0,0,1,0,0,0,0,1,1,1,1,0,1,0,0,RP-16,5,B
24,0,0,1,0,1,0,0,1,0,1,0,0,0,0,0,1,1,0,0,0,0,0,0,RP-16,5,B
0,0,1,0,0,1,0,1,1,0,1,1,0,0,0,0,1,0,0,0,1,0,0,0,AUS,1,B
1,0,0,1,0,0,1,0,1,0,0,0,0,0,0,0,1,1,0,0,1,0,0,0,AUS,1,B
2,0,0,1,0,1,0,0,1,0,1,1,0,0,0,0,0,1,0,0,0,1,0,1,AUS,1,B
3,0,0,1,0,1,0,0,0,0,1,1,0,0,0,0,1,1,1,0,0,0,0,1,AUS,1,B
4,0,0,1,0,0,1,1,1,0,1,1,0,0,0,0,1,0,0,0,0,0,0,0,AUS,1,B
5,0,1,0,0,1,0,1,1,0,1,0,0,0,0,1,0,0,0,1,1,1,0,0,AUS,1,B
6,0,1,0,0,1,0,0,1,0,1,0,0,0,0,0,0,0,1,1,0,0,0,0,AUS,1,B
7,0,1,0,0,1,0,0,1,0,1,1,0,0,0,0,1,1,0,0,1,1,0,0,AUS,1,B
8,0,1,0,0,1,0,0,1,0,0,0,1,0,0,0,1,1,0,0,0,1,0,0,AUS,1,B
9,0,0,1,0,1,0,1,0,0,1,0,0,0,0,0,1,0,0,1,0,0,0,0,AUS,1,B
10,0,1,0,0,1,0,1,1,0,1,0,0,0,0,1,0,0,0,0,0,1,0,0,AUS,1,B
11,0,0,1,0,0,1,0,0,0,1,0,0,1,0,0,0,1,0,0,1,0,0,1,AUS,1,B
12,0,1,0,0,0,1,0,1,0,1,1,0,0,0,0,0,0,0,0,1,1,0,0,AUS,1,B
13,0,0,1,0,1,0,0,1,0,1,1,0,0,0,0,0,1,0,0,0,0,1,0,AUS,1,B
14,0,1,0,0,1,0,0,1,0,0,1,0,0,0,0,0,0,0,0,1,0,1,0,AUS,1,B
15,0,1,0,0,1,0,0,1,0,1,1,0,0,0,0,1,1,0,0,1,0,1,1,AUS,1,B
16,0,0,1,0,1,0,0,1,0,0,1,0,0,0,0,1,0,0,0,0,0,0,1,AUS,1,B
17,0,0,1,1,0,0,0,0,1,0,0,0,0,0,0,0,1,0,0,1,0,0,1,AUS,1,B
18,0,0,1,0,1,0,0,1,0,0,1,0,0,0,0,0,1,0,0,0,0,0,0,AUS,1,B
19,0,1,0,0,1,0,1,1,0,1,0,0,0,0,0,0,0,0,0,0,0,0,0,AUS,1,B
20,0,1,0,0,1,0,0,1,0,0,1,0,0,0,1,1,0,0,0,0,0,0,0,AUS,1,B
21,0,0,1,0,1,0,1,1,0,1,1,0,0,0,0,0,1,0,0,0,0,0,0,AUS,1,B
22,0,0,1,0,1,0,0,0,0,1,1,1,0,0,1,1,1,0,0,0,0,0,0,AUS,1,B
23,0,1,0,0,1,0,0,1,0,0,1,0,0,0,0,0,1,0,1,1,0,0,0,AUS,1,B
24,0,1,0,0,1,0,1,1,0,1,1,0,0,0,0,1,0,0,0,1,1,1,0,AUS,1,B
0,0,1,0,0,1,0,0,1,1,1,1,0,0,0,0,1,1,0,0,0,0,0,0,AUS-Drift,1,A
1,0,1,0,0,0,1,1,1,0,1,0,0,0,0,0,1,1,0,0,0,0,0,0,AUS-Drift,1,A
2,0,0,1,0,0,1,0,1,0,1,1,0,0,0,0,1,1,0,0,0,0,0,0,AUS-Drift,1,A
3,0,0,1,0,0,1,0,0,1,1,1,0,0,0,0,1,0,0,0,0,0,1,0,AUS-Drift,1,A
4,0,1,0,0,0,1,1,1,0,1,1,0,0,0,0,1,1,0,0,0,0,0,0,AUS-Drift,1,A
5,0,0,1,0,1,0,0,1,0,1,0,1,0,0,0,0,0,0,1,0,0,0,0,AUS-Drift,1,A
6,0,0,1,0,1,0,1,1,0,0,1,0,0,1,0,1,1,0,0,0,0,0,0,AUS-Drift,1,A
7,1,0,0,0,1,0,0,0,0,0,0,0,0,0,0,0,1,0,0,0,0,0,0,AUS-Drift,1,A
8,0,1,0,0,1,0,0,0,1,0,1,0,0,0,0,1,1,0,0,0,0,0,0,AUS-Drift,1,A
9,0,1,0,0,1,0,0,1,1,1,1,0,0,0,0,1,0,0,0,0,0,0,0,AUS-Drift,1,A
10,0,1,0,0,1,0,0,0,1,1,1,0,0,0,0,0,1,0,0,0,0,0,0,AUS-Drift,1,A
11,0,0,1,0,0,1,0,1,0,0,1,0,0,0,0,0,0,1,0,0,0,1,0,AUS-Drift,1,A
12,0,0,1,0,1,0,0,1,0,1,0,0,0,0,0,0,1,0,1,0,0,0,0,AUS-Drift,1,A
13,0,1,0,0,0,1,0,1,1,1,0,1,0,0,0,1,1,0,0,0,0,0,0,AUS-Drift,1,A
14,0,0,1,0,0,1,1,1,0,1,0,0,0,0,0,0,1,1,0,0,0,0,0,AUS-Drift,1,A
15,0,1,0,0,1,0,0,1,0,1,1,0,0,1,0,0,1,0,0,0,1,1,0,AUS-Drift,1,A
16,0,1,0,0,0,1,0,0,0,1,1,1,0,0,0,1,1,0,0,0,0,0,0,AUS-Drift,1,A
17,0,1,0,0,1,0,1,1,0,0,0,0,1,0,0,1,1,0,1,0,0,0,0,AUS-Drift,1,A
18,0,0,1,0,0,1,0,1,0,1,0,0,1,0,0,1,1,1,0,0,0,0,0,AUS-Drift,1,A
19,1,0,0,0,0,1,0,1,0,1,0,0,0,0,0,0,1,0,0,0,1,0,0,AUS-Drift,1,A
20,0,1,0,0,1,0,0,0,0,1,0,0,0,0,0,1,1,1,0,0,1,0,0,AUS-Drift,1,A
21,0,0,1,0,0,1,1,1,1,1,0,0,0,0,0,0,0,1,1,0,0,0,0,AUS-Drift,1,A
22,0,1,0,0,0,1,1,1,0,1,0,0,0,0,0,0,0,0,0,0,0,1,0,AUS-Drift,1,A
23,0,0,1,0,1,0,0,0,1,1,0,0,0,0,0,0,1,1,0,0,0,0,0,AUS-Drift,1,A
24,1,0,0,0,1,0,0,1,1,1,1,1,0,0,0,1,1,0,0,0,0,0,0,AUS-Drift,1,A
0,0,0,1,0,1,0,0,1,0,0,1,0,0,0,0,1,0,0,1,1,0,0,0,RG,6,B
1,0,1,0,0,0,1,0,1,0,1,0,0,0,0,1,1,1,0,0,1,1,0,0,RG,6,B
2,0,0,1,0,1,0,1,1,0,1,1,0,0,0,1,0,0,0,0,1,0,0,0,RG,6,B
3,0,0,1,0,1,0,1,1,0,0,1,0,0,0,0,1,1,0,1,0,1,0,0,RG,6,B
4,0,1,0,0,0,1,1,1,0,1,1,0,0,0,0,0,1,0,0,1,1,1,1,RG,6,B
5,0,0,1,0,1,0,1,1,0,1,1,0,0,0,1,0,0,0,0,1,0,0,0,RG,6,B
6,0,0,1,0,1,0,0,0,0,1,1,0,0,0,0,1,0,0,0,1,0,0,0,RG,6,B
7,0,0,1,0,0,1,1,1,0,1,1,0,0,0,0,0,1,0,0,1,0,0,0,RG,6,B
8,0,0,1,0,0,1,1,1,0,1,1,0,0,0,0,1,1,1,0,0,0,0,0,RG,6,B
9,0,1,0,0,0,1,1,1,0,0,0,0,0,0,0,0,0,0,0,0,1,0,0,RG,6,B
10,0,1,0,0,1,0,1,1,0,1,1,0,0,0,0,0,1,0,0,1,0,0,0,RG,6,B
11,0,1,0,0,0,1,0,1,0,1,1,0,0,0,0,0,0,0,0,1,0,0,0,RG,6,B
12,0,1,0,0,1,0,1,1,0,1,1,0,0,0,0,1,0,0,0,1,1,0,0,RG,6,B
13,0,0,1,0,1,0,0,1,0,1,1,0,0,0,0,1,1,0,0,1,0,0,0,RG,6,B
14,0,0,1,0,1,0,1,1,0,1,1,0,0,0,0,1,1,0,0,1,0,0,0,RG,6,B
15,0,1,0,0,0,1,0,1,0,0,1,0,0,0,0,0,0,0,1,0,0,0,0,RG,6,B
16,0,0,1,0,0,1,1,1,0,1,1,0,0,0,0,0,0,0,0,0,0,0,0,RG,6,B
17,0,1,0,0,0,1,1,1,0,1,1,0,1,0,0,1,1,0,0,0,1,0,0,RG,6,B
18,0,0,1,0,0,1,0,1,0,0,1,0,0,0,0,1,1,1,1,0,0,0,0,RG,6,B
19,0,0,1,0,0,1,1,1,0,1,1,0,0,0,0,1,1,1,1,0,1,0,0,RG,6,B
20,0,1,0,0,1,0,1,0,0,1,1,0,0,0,0,0,0,0,0,1,1,0,0,RG,6,B
21,0,0,1,0,0,1,0,1,0,1,1,0,0,0,0,0,1,1,0,1,0,0,0,RG,6,B
22,0,0,1,0,1,0,1,1,0,0,0,0,0,0,0,0,0,0,0,0,1,0,0,RG,6,B
23,0,1,0,0,1,0,1,1,0,1,1,0,0,0,0,0,0,0,0,1,1,0,0,RG,6,B
24,0,0,1,0,0,1,0,1,0,0,1,0,0,0,0,0,0,1,0,0,0,0,0,RG,6,B
0,0,0,1,0,0,1,1,1,0,1,1,0,0,0,1,0,1,1,1,1,0,0,0,RG,1,3
1,0,0,1,0,0,1,1,0,0,0,1,0,0,0,0,0,0,0,0,0,0,0,0,RG,1,3
2,0,0,1,0,1,0,1,1,0,0,1,0,0,0,0,0,0,0,1,1,0,0,0,RG,1,3
3,0,0,1,0,1,0,1,1,0,0,1,0,0,0,0,0,1,0,0,1,1,1,0,RG,1,3
4,0,0,1,0,0,1,1,1,0,1,1,0,0,0,0,0,0,0,0,1,1,0,0,RG,1,3
5,0,1,0,0,1,0,0,0,0,1,0,0,0,0,0,1,1,0,1,0,1,0,0,RG,1,3
6,0,0,1,0,1,0,1,1,0,1,1,0,0,0,1,0,1,0,0,0,0,0,0,RG,1,3
7,0,1,0,0,1,0,1,1,0,1,0,0,0,0,0,0,0,0,0,1,1,0,0,RG,1,3
8,0,0,1,0,1,0,0,1,0,0,1,0,0,0,0,0,1,0,1,0,0,0,1,RG,1,3
9,0,0,1,0,0,1,1,0,1,1,1,0,0,0,0,0,1,0,0,0,0,0,0,RG,1,3
10,0,0,1,0,0,1,1,1,0,1,0,0,1,0,0,0,0,0,0,0,0,0,0,RG,1,3
11,0,0,1,0,1,0,0,1,0,1,1,0,0,0,1,0,1,0,1,1,0,0,1,RG,1,3
12,0,1,0,0,1,0,0,1,0,0,0,0,0,0,0,0,0,0,1,1,0,0,0,RG,1,3
13,0,0,1,0,1,0,1,1,0,1,1,0,0,0,0,0,1,1,0,0,0,0,0,RG,1,3
14,0,0,1,0,1,0,1,1,0,1,1,0,0,0,0,1,1,0,0,1,1,0,0,RG,1,3
15,0,0,1,0,0,1,1,1,0,1,1,0,0,0,0,1,1,0,0,0,0,1,0,RG,1,3
16,0,1,0,0,1,0,1,1,0,0,1,0,0,0,0,0,0,1,0,0,0,0,0,RG,1,3
17,0,1,0,0,1,0,1,1,0,1,0,0,0,0,0,1,0,0,0,0,1,0,0,RG,1,3
18,0,0,1,0,0,1,1,1,0,1,1,0,0,0,0,1,1,0,0,0,0,0,0,RG,1,3
19,0,1,0,0,0,1,1,1,0,1,1,0,0,0,1,1,1,0,0,0,1,0,0,RG,1,3
20,0,1,0,0,0,1,1,1,0,0,0,0,0,0,0,0,1,0,0,0,0,0,0,RG,1,3
21,0,0,1,0,0,1,1,1,0,1,1,0,0,0,0,0,1,1,0,0,1,0,0,RG,1,3
22,0,1,0,0,1,0,1,0,0,1,1,0,0,0,0,0,1,0,0,0,0,0,0,RG,1,3
23,0,0,1,0,1,0,1,0,0,0,1,0,0,0,0,1,1,0,0,0,0,0,0,RG,1,3
24,0,0,1,0,1,0,1,1,0,0,1,0,0,0,0,0,1,0,1,0,0,0,0,RG,1,3
0,0,0,1,0,1,0,1,1,0,1,1,0,0,0,1,0,0,0,0,0,0,0,0,RP-16,1,A
1,0,1,0,0,1,0,1,1,0,1,1,0,0,0,0,1,1,0,0,0,0,0,0,RP-16,1,A
2,0,1,0,0,0,1,0,1,0,1,1,0,0,0,0,0,1,0,0,0,0,0,0,RP-16,1,A
3,1,0,0,0,1,0,0,1,0,1,1,0,0,1,0,1,0,0,1,0,1,0,0,RP-16,1,A
4,0,1,0,0,1,0,0,1,0,1,1,0,0,0,0,1,1,0,0,0,1,0,0,RP-16,1,A
5,1,0,0,0,0,1,0,0,0,1,0,0,0,0,0,0,1,0,0,0,1,0,0,RP-16,1,A
6,0,0,1,0,1,0,0,1,0,0,1,0,0,0,0,0,1,0,1,0,0,0,0,RP-16,1,A
7,0,1,0,0,1,0,0,1,0,1,1,0,0,0,1,1,0,0,1,0,0,0,0,RP-16,1,A
8,0,1,0,0,0,1,1,1,0,1,1,0,0,0,0,0,0,0,1,0,1,0,0,RP-16,1,A
9,0,1,0,0,0,1,0,0,0,1,1,0,0,0,0,1,0,0,0,1,1,0,0,RP-16,1,A
10,0,1,0,0,1,0,0,1,0,1,0,0,0,0,0,0,0,0,1,0,1,0,0,RP-16,1,A
11,0,1,0,0,0,1,0,1,1,1,1,0,0,0,0,1,0,0,0,0,1,0,0,RP-16,1,A
12,0,1,0,0,1,0,1,1,0,1,0,0,0,0,0,0,1,0,1,1,0,0,0,RP-16,1,A
13,0,0,1,0,0,1,0,1,0,1,0,0,0,0,0,0,0,0,0,0,0,0,0,RP-16,1,A
14,0,0,1,0,1,0,0,1,1,1,0,0,0,0,0,0,0,0,1,0,0,0,0,RP-16,1,A
15,0,0,1,0,1,0,0,0,0,1,1,0,0,0,0,0,0,1,0,1,0,0,0,RP-16,1,A
16,0,0,1,0,0,1,1,1,0,0,1,0,0,0,0,0,1,0,0,0,0,0,0,RP-16,1,A
17,0,1,0,0,0,1,1,1,0,0,0,0,0,0,1,0,1,0,0,0,0,0,0,RP-16,1,A
18,0,1,0,0,1,0,0,1,0,0,1,0,0,0,0,0,0,0,1,0,0,0,0,RP-16,1,A
19,0,1,0,0,0,1,1,0,0,1,1,0,0,0,0,1,0,0,1,0,1,0,0,RP-16,1,A
20,0,0,1,0,1,0,0,1,0,1,1,0,0,0,0,0,1,0,0,0,0,0,0,RP-16,1,A
21,0,1,0,0,1,0,1,1,0,1,1,0,0,0,0,1,0,0,0,0,0,0,0,RP-16,1,A
22,0,0,1,0,0,1,0,1,1,0,0,0,0,0,0,1,0,0,0,0,0,0,0,RP-16,1,A
23,0,0,1,0,0,1,1,0,0,1,1,0,0,0,0,0,0,0,0,0,1,0,0,RP-16,1,A
24,0,1,0,0,0,1,0,1,0,1,1,0,1,0,0,1,0,0,1,0,0,0,0,RP-16,1,A
0,0,0,1,0,1,0,0,0,0,1,0,0,0,0,0,0,1,0,0,0,0,0,1,RG,1,0
1,0,0,1,0,0,1,0,1,1,1,1,0,0,0,0,1,0,1,0,0,0,0,0,RG,1,0
2,0,0,1,0,1,0,1,1,0,0,1,1,0,0,0,0,1,0,0,0,1,0,0,RG,1,0
3,0,1,0,0,1,0,0,1,0,1,0,0,0,0,0,1,1,0,0,1,0,0,1,RG,1,0
4,0,0,1,0,1,0,0,1,0,1,0,0,0,0,0,1,1,1,0,0,0,0,0,RG,1,0
5,0,0,1,0,1,0,1,1,0,1,1,0,0,0,0,1,1,1,0,0,0,0,0,RG,1,0
6,0,0,1,0,1,0,1,1,0,1,1,0,0,0,1,1,1,1,0,1,0,0,0,RG,1,0
7,0,1,0,0,1,0,0,1,0,1,0,0,0,0,0,1,1,0,1,0,1,0,0,RG,1,0
8,0,0,1,0,0,1,1,1,0,1,0,0,0,0,1,0,1,1,0,0,0,0,0,RG,1,0
9,0,0,1,0,0,1,0,1,0,1,0,0,0,0,0,1,0,0,0,0,0,0,0,RG,1,0
10,0,1,0,0,1,0,0,1,0,1,0,0,0,0,0,0,1,0,1,1,1,0,0,RG,1,0
11,0,1,0,0,0,1,0,1,0,1,1,0,0,0,0,0,1,0,0,0,0,0,0,RG,1,0
12,0,1,0,0,0,1,0,1,0,1,1,0,0,0,0,1,1,0,0,1,1,0,0,RG,1,0
13,0,1,0,0,0,1,0,1,0,0,1,0,0,0,0,1,1,0,0,0,0,0,0,RG,1,0
14,0,0,1,0,1,0,0,1,0,0,0,0,0,0,0,1,1,0,0,0,0,0,0,RG,1,0
15,0,1,0,0,0,1,1,1,0,1,0,0,0,0,0,1,0,0,0,0,1,0,0,RG,1,0
16,0,0,1,0,1,0,1,1,0,1,1,0,0,0,1,1,1,0,0,0,1,0,0,RG,1,0
17,0,0,1,0,0,1,1,1,0,1,0,0,0,0,0,0,0,0,0,1,0,0,0,RG,1,0
18,0,1,0,0,1,0,0,1,0,1,1,0,0,0,1,1,1,0,0,1,1,0,0,RG,1,0
19,0,1,0,0,1,0,0,1,0,0,0,0,0,0,1,0,1,0,1,0,0,0,0,RG,1,0
20,0,1,0,0,0,1,0,1,0,1,0,0,0,1,0,1,1,0,1,1,1,0,1,RG,1,0
21,0,0,1,0,0,1,0,1,0,0,0,0,0,0,0,0,1,0,0,1,0,0,0,RG,1,0
22,0,0,1,0,1,0,1,1,0,1,0,0,0,0,0,1,0,0,0,1,1,0,0,RG,1,0
23,0,0,1,0,0,1,1,1,0,0,0,0,1,0,0,1,1,0,0,0,0,0,1,RG,1,0
0,0,1,0,0,0,1,0,1,0,0,0,0,0,0,0,0,1,0,1,0,0,0,0,ELVA,7,B
1,0,0,1,0,1,0,0,1,0,1,1,0,0,0,0,1,1,1,0,1,0,0,0,ELVA,7,B
2,0,1,0,0,1,0,1,1,0,0,1,0,0,0,0,1,1,0,0,0,1,0,0,ELVA,7,B
3,0,1,0,0,1,0,1,1,0,1,1,0,0,0,0,0,1,0,0,1,1,0,0,ELVA,7,B
4,0,0,1,0,0,1,0,1,0,1,1,0,0,0,0,1,1,0,1,0,0,0,0,ELVA,7,B
5,0,0,1,0,0,1,0,1,0,1,1,0,0,0,0,1,0,0,0,1,0,1,0,ELVA,7,B
6,0,0,1,0,1,0,0,1,1,1,1,0,0,0,0,0,1,0,1,0,0,0,0,ELVA,7,B
7,0,1,0,0,1,0,0,1,1,1,1,0,0,1,1,1,1,0,0,0,1,0,0,ELVA,7,B
8,0,0,1,0,0,1,0,1,0,1,1,0,0,0,0,0,1,0,0,0,0,0,0,ELVA,7,B
9,0,1,0,0,1,0,0,1,0,1,0,0,0,0,0,0,1,0,0,1,0,0,1,ELVA,7,B
10,0,0,1,0,1,0,1,1,0,0,1,0,0,0,0,1,1,0,0,0,1,0,1,ELVA,7,B
11,0,1,0,0,1,0,0,1,1,1,0,0,0,0,1,0,0,0,0,0,0,0,0,ELVA,7,B
12,0,0,1,0,0,1,0,0,1,1,1,0,0,0,0,1,1,0,1,0,0,0,0,ELVA,7,B
13,0,0,1,0,0,1,1,1,0,0,1,0,0,0,0,0,0,1,1,1,0,0,0,ELVA,7,B
14,0,0,1,0,0,1,0,1,0,0,1,0,0,0,0,1,0,0,1,1,1,0,0,ELVA,7,B
15,0,0,1,0,0,1,0,0,1,1,1,0,1,0,0,1,0,0,0,0,0,0,0,ELVA,7,B
16,0,0,1,0,0,1,0,1,1,0,0,0,0,0,0,0,1,0,1,1,0,0,0,ELVA,7,B
17,0,1,0,0,0,1,1,1,0,0,1,0,0,0,0,0,1,0,0,1,0,0,0,ELVA,7,B
18,0,0,1,0,0,1,0,1,0,1,1,0,0,0,0,0,1,1,0,0,0,0,0,ELVA,7,B
19,0,1,0,0,0,1,0,1,0,0,1,0,0,0,1,0,0,0,0,0,0,0,0,ELVA,7,B
20,0,1,0,0,1,0,0,1,1,0,1,0,0,0,0,1,1,0,1,0,0,0,1,ELVA,7,B
21,0,0,1,0,0,1,0,1,0,1,1,0,0,0,1,1,1,0,0,0,1,0,0,ELVA,7,B
22,0,0,1,0,1,0,0,1,0,1,1,0,0,0,1,0,1,1,1,0,0,0,0,ELVA,7,B
23,0,1,0,0,1,0,0,1,0,1,1,0,0,0,0,1,1,1,1,1,1,0,0,ELVA,7,B
24,0,0,1,1,0,0,0,0,1,1,1,1,0,0,0,1,1,1,0,0,0,0,0,ELVA,7,B
0,0,0,1,0,0,1,0,1,0,1,1,0,1,0,0,0,0,0,0,0,0,0,0,IGNF,7,A
1,0,1,0,0,1,0,0,0,0,1,1,0,0,0,0,0,0,0,0,0,1,0,1,IGNF,7,A
2,0,0,1,0,0,1,0,1,0,0,1,0,1,0,0,0,1,0,1,0,0,0,1,IGNF,7,A
3,0,0,1,0,1,0,1,1,0,1,1,0,0,0,1,0,1,0,0,0,0,0,0,IGNF,7,A
4,0,1,0,0,0,1,0,1,0,0,1,0,0,0,0,0,0,0,0,0,1,0,1,IGNF,7,A
5,0,0,1,0,0,1,0,0,0,0,1,0,0,0,0,0,1,0,0,0,0,0,0,IGNF,7,A
6,0,0,1,0,0,1,0,1,1,1,1,0,1,0,0,0,0,0,0,0,0,0,0,IGNF,7,A
7,0,0,1,0,1,0,0,0,0,0,1,0,1,0,0,1,0,0,0,0,0,0,0,IGNF,7,A
8,0,1,0,0,1,0,1,1,0,0,1,0,0,0,1,1,1,0,0,0,1,0,0,IGNF,7,A
9,0,0,1,0,0,1,0,1,0,1,1,0,0,1,0,0,0,0,0,0,1,0,0,IGNF,7,A
10,0,1,0,0,1,0,0,1,0,0,1,0,0,0,0,1,1,0,1,0,0,0,0,IGNF,7,A
11,0,1,0,0,0,1,0,1,0,1,1,0,0,0,1,1,1,0,0,0,0,0,0,IGNF,7,A
12,0,1,0,0,1,0,0,1,0,1,1,0,0,0,0,0,1,0,0,0,0,0,1,IGNF,7,A
13,0,0,1,0,1,0,0,1,0,1,1,0,0,0,0,0,0,0,0,0,1,0,1,IGNF,7,A
14,0,1,0,0,1,0,1,1,0,0,1,0,0,0,0,0,1,0,0,1,1,0,0,IGNF,7,A
15,0,1,0,0,0,1,0,1,0,0,1,0,0,0,0,0,1,0,0,1,1,0,0,IGNF,7,A
16,0,0,1,0,1,0,0,1,0,1,0,0,0,0,1,0,1,0,1,0,0,0,0,IGNF,7,A
17,0,0,1,0,0,1,0,1,0,0,1,0,0,0,1,0,0,0,0,0,0,0,0,IGNF,7,A
18,0,1,0,0,1,0,0,0,0,1,1,0,0,0,0,0,0,1,0,0,0,0,0,IGNF,7,A
19,1,0,0,0,0,1,0,1,0,1,1,0,0,0,0,1,1,0,0,0,1,0,1,IGNF,7,A
20,0,1,0,0,0,1,1,1,0,1,0,0,0,0,0,1,1,0,0,0,0,0,0,IGNF,7,A
21,0,1,0,0,1,0,0,1,0,1,1,0,1,0,1,0,1,0,0,0,1,0,0,IGNF,7,A
22,0,1,0,0,0,1,1,1,0,1,1,0,0,0,0,0,1,0,0,0,0,0,0,IGNF,7,A
23,0,0,1,0,1,0,0,1,0,0,0,0,0,0,0,1,1,0,0,0,0,1,1,IGNF,7,A
24,0,0,1,0,0,1,1,1,0,1,1,0,0,0,0,1,1,0,1,0,0,0,0,IGNF,7,A
0,0,1,0,0,0,1,0,1,0,1,1,0,0,0,0,1,0,0,1,0,1,0,0,RP-16,8,A
1,1,0,0,1,0,0,1,1,0,0,1,0,0,0,0,0,0,0,0,1,1,0,0,RP-16,8,A
2,0,1,0,0,1,0,0,0,1,1,1,0,0,0,0,0,0,0,0,1,1,1,0,RP-16,8,A
3,0,0,1,0,1,0,1,1,0,0,0,0,0,0,0,0,1,0,0,0,0,0,0,RP-16,8,A
4,0,0,1,0,0,1,0,1,0,1,0,1,0,0,0,0,0,0,0,0,0,1,0,RP-16,8,A
5,1,0,0,1,0,0,0,1,0,1,1,0,0,0,1,1,1,0,0,0,1,0,1,RP-16,8,A
6,0,0,1,0,0,1,0,1,0,1,1,0,0,0,0,1,0,0,0,0,0,0,0,RP-16,8,A
7,0,1,0,0,1,0,0,1,0,0,1,0,0,0,0,1,0,0,0,0,0,0,0,RP-16,8,A
8,0,0,1,0,1,0,1,1,0,1,0,0,1,0,0,0,0,0,0,0,0,0,0,RP-16,8,A
9,0,0,1,0,1,0,0,0,0,1,1,0,0,0,0,0,0,0,1,0,0,0,0,RP-16,8,A
10,0,0,1,0,1,0,0,1,1,0,1,0,0,0,0,1,1,0,0,0,0,0,0,RP-16,8,A
11,0,0,1,0,0,1,0,0,1,1,1,0,0,0,0,1,1,0,0,0,0,0,0,RP-16,8,A
12,0,1,0,0,1,0,1,1,0,1,1,0,0,0,0,1,0,0,0,0,0,0,0,RP-16,8,A
13,0,1,0,0,1,0,0,1,0,1,0,0,0,0,0,0,0,0,0,0,1,0,0,RP-16,8,A
14,0,1,0,0,1,0,0,1,0,0,1,0,0,0,0,0,1,0,1,0,1,0,0,RP-16,8,A
15,0,1,0,0,1,0,0,1,0,1,0,1,0,0,0,0,1,1,0,0,1,0,0,RP-16,8,A
16,0,1,0,0,1,0,1,0,1,1,1,0,0,0,0,1,0,0,1,0,0,0,0,RP-16,8,A
17,0,1,0,0,1,0,1,0,0,1,1,0,0,0,0,0,1,0,1,0,0,0,0,RP-16,8,A
18,0,0,1,0,1,0,0,1,0,0,0,0,0,1,0,1,0,0,0,0,0,0,0,RP-16,8,A
19,0,1,0,0,1,0,1,1,0,1,0,0,0,0,0,0,1,0,1,0,0,0,0,RP-16,8,A
20,0,1,0,0,0,1,1,0,0,1,0,0,0,0,0,1,0,0,0,0,1,0,0,RP-16,8,A
21,0,1,0,0,1,0,0,1,0,1,1,0,0,1,0,1,1,0,0,0,0,0,0,RP-16,8,A
22,0,1,0,0,0,1,0,1,0,1,1,0,0,0,0,0,1,0,1,0,1,0,0,RP-16,8,A
23,1,0,0,0,1,0,1,1,0,1,1,0,0,0,0,1,0,0,1,0,1,0,0,RP-16,8,A
24,1,0,0,0,1,0,0,0,0,1,1,0,0,0,0,0,1,0,0,0,0,0,0,RP-16,8,A
0,0,0,1,0,1,0,1,0,0,1,0,0,0,0,0,0,0,0,1,0,0,0,1,IGNF,1,1
1,0,0,1,0,1,0,1,0,0,0,1,0,0,0,0,1,1,0,0,0,1,0,0,IGNF,1,1
2,0,0,1,0,1,0,1,0,0,0,0,0,0,0,0,0,1,0,0,0,0,0,0,IGNF,1,1
3,0,0,1,0,1,0,0,1,1,1,1,0,1,1,1,0,0,1,0,0,0,0,0,IGNF,1,1
4,0,0,1,0,0,1,0,1,0,1,1,0,0,0,0,0,1,0,1,0,0,1,1,IGNF,1,1
5,0,0,1,0,0,1,1,0,0,1,1,0,1,0,0,1,1,0,1,0,0,0,0,IGNF,1,1
6,0,0,1,0,0,1,0,1,0,1,1,0,0,0,0,1,1,1,1,1,0,0,0,IGNF,1,1
7,0,0,1,0,1,0,0,1,0,0,1,0,0,0,0,1,1,0,1,1,0,1,0,IGNF,1,1
8,0,0,1,0,1,0,1,0,0,1,1,0,0,0,0,0,1,0,0,1,1,0,0,IGNF,1,1
9,0,0,1,0,1,0,1,1,0,0,1,0,0,0,0,1,1,0,0,0,0,0,0,IGNF,1,1
10,0,1,0,0,0,1,0,1,0,1,1,0,0,0,1,1,1,0,0,1,0,0,1,IGNF,1,1
11,0,0,1,0,1,0,0,1,0,1,1,0,0,0,1,1,1,0,1,1,0,0,0,IGNF,1,1
12,0,0,1,0,1,0,1,1,0,1,0,0,0,0,0,0,1,1,0,0,0,0,0,IGNF,1,1
13,0,1,0,0,1,0,1,1,0,1,1,0,0,0,0,1,0,0,1,0,1,0,1,IGNF,1,1
14,0,0,1,0,1,0,0,0,0,1,1,0,0,0,1,1,1,0,1,0,0,0,0,IGNF,1,1
15,0,1,0,0,1,0,1,1,0,0,0,0,0,0,0,0,0,0,0,0,1,0,0,IGNF,1,1
16,0,0,1,0,1,0,0,1,0,1,1,1,0,0,0,1,0,0,0,0,0,0,1,IGNF,1,1
17,0,1,0,0,1,0,1,1,0,0,0,0,0,0,0,0,0,0,0,0,1,0,0,IGNF,1,1
18,0,1,0,0,0,1,1,0,0,1,0,0,0,0,1,0,1,0,1,0,0,1,0,IGNF,1,1
19,0,0,1,0,1,0,1,1,0,1,0,0,0,0,1,1,1,1,1,0,0,0,0,IGNF,1,1
20,0,0,1,0,1,0,0,0,0,1,1,0,0,0,0,1,0,0,0,0,0,0,1,IGNF,1,1
21,0,0,1,1,0,0,0,1,0,1,1,0,0,0,0,1,1,0,1,1,0,0,0,IGNF,1,1
22,0,0,1,0,1,0,1,1,0,0,0,0,0,0,0,1,1,0,0,0,0,0,0,IGNF,1,1
23,0,1,0,0,0,1,1,0,0,1,0,0,0,0,1,1,1,0,1,1,0,0,0,IGNF,1,1
24,0,0,1,0,0,1,1,1,0,1,1,0,0,0,0,0,0,0,0,1,0,0,0,IGNF,1,1
0,0,0,1,0,0,1,0,0,1,1,0,0,0,0,0,1,1,1,0,0,0,0,0,RP-16,6,B
1,0,0,1,0,0,1,0,1,0,1,0,0,0,0,0,1,0,1,1,0,0,0,0,RP-16,6,B
2,0,0,1,0,0,1,0,1,0,0,1,0,0,0,0,1,1,0,1,1,0,0,0,RP-16,6,B
3,1,0,0,0,1,0,1,1,0,1,0,1,0,0,0,0,1,0,0,0,0,0,0,RP-16,6,B
4,0,0,1,0,1,0,0,0,0,1,1,0,0,0,0,0,1,0,0,0,0,0,0,RP-16,6,B
5,0,1,0,0,1,0,0,1,0,0,1,0,0,0,0,1,0,0,0,0,0,0,0,RP-16,6,B
6,0,1,0,0,1,0,0,0,0,1,0,0,0,0,0,0,1,0,1,0,1,0,0,RP-16,6,B
7,0,1,0,0,1,0,0,0,1,0,1,0,0,0,0,1,1,0,0,0,1,0,0,RP-16,6,B
8,1,0,0,0,1,0,0,1,1,1,0,0,1,0,0,1,1,0,0,1,0,0,0,RP-16,6,B
9,0,1,0,0,1,0,0,1,0,0,0,0,0,0,0,1,0,0,0,0,0,0,0,RP-16,6,B
10,0,1,0,0,0,1,0,0,0,1,1,0,0,0,0,1,1,0,0,1,0,0,0,RP-16,6,B
11,0,1,0,0,0,1,1,1,0,1,1,0,0,0,0,0,1,0,0,0,0,0,0,RP-16,6,B
12,1,0,0,0,1,0,0,1,0,1,1,0,0,0,0,0,1,0,1,0,0,0,0,RP-16,6,B
13,0,0,1,0,1,0,0,1,0,0,0,1,0,0,0,0,1,0,0,0,0,0,0,RP-16,6,B
14,0,1,0,0,1,0,0,1,1,1,0,0,0,0,0,1,1,0,1,0,0,0,0,RP-16,6,B
15,0,1,0,0,0,1,0,1,0,1,1,0,0,0,0,1,0,0,0,0,0,1,0,RP-16,6,B
16,1,0,0,0,1,0,0,1,0,0,1,0,0,0,0,0,1,0,0,1,0,0,0,RP-16,6,B
17,0,0,1,0,1,0,0,1,1,1,1,0,0,0,0,1,0,0,1,0,0,0,0,RP-16,6,B
18,0,1,0,0,1,0,0,1,0,1,0,1,0,0,0,0,1,1,1,0,1,0,0,RP-16,6,B
19,0,1,0,0,0,1,0,1,0,0,0,0,0,0,0,1,1,0,1,0,0,0,0,RP-16,6,B
20,0,1,0,0,0,1,0,1,0,1,1,0,0,0,0,1,1,0,0,0,0,1,0,RP-16,6,B
21,0,1,0,0,0,1,0,1,0,1,0,0,0,0,0,1,1,0,0,0,0,0,0,RP-16,6,B
22,0,0,1,0,1,0,1,1,0,0,1,0,0,0,0,1,1,1,0,0,0,0,0,RP-16,6,B
23,0,1,0,0,1,0,0,1,0,1,1,0,0,0,0,1,1,0,0,0,1,0,0,RP-16,6,B
24,0,1,0,0,1,0,0,1,0,0,0,0,0,0,0,1,1,0,0,0,0,0,0,RP-16,6,B
0,0,1,0,0,0,1,0,1,0,0,1,0,0,0,0,0,1,0,1,1,0,0,0,RG,9,B
1,0,0,1,0,0,1,1,1,0,0,1,0,0,0,0,0,0,0,0,0,0,0,0,RG,9,B
2,0,0,1,0,1,0,0,1,0,1,1,0,0,0,0,0,1,0,0,0,0,0,1,RG,9,B
3,0,0,1,0,1,0,0,1,0,1,1,0,0,0,0,1,0,0,1,0,1,0,1,RG,9,B
4,0,1,0,0,1,0,1,1,0,0,0,0,0,0,1,0,0,0,0,0,0,0,0,RG,9,B
5,0,0,1,0,1,0,1,1,0,1,1,0,0,0,1,0,0,0,0,0,1,0,0,RG,9,B
6,0,0,1,0,1,0,1,1,0,1,0,0,0,0,0,0,0,0,1,0,0,0,0,RG,9,B
7,0,0,1,0,1,0,1,1,0,1,1,0,0,0,0,0,1,1,0,0,0,0,0,RG,9,B
8,0,0,1,1,0,0,1,0,0,1,1,0,0,0,1,0,0,0,0,0,0,0,1,RG,9,B
9,0,0,1,0,0,1,1,1,0,1,0,0,0,0,0,0,1,1,1,0,0,0,0,RG,9,B
10,0,0,1,1,0,0,0,1,0,1,1,0,0,0,0,0,0,0,1,1,0,0,0,RG,9,B
11,0,1,0,0,1,0,0,1,0,1,0,0,0,0,0,0,0,0,0,1,0,0,0,RG,9,B
12,0,0,1,0,1,0,1,1,0,1,1,0,0,0,0,0,1,0,0,0,0,0,0,RG,9,B
13,0,0,1,0,1,0,0,1,0,1,1,0,0,0,0,1,1,0,1,0,1,0,0,RG,9,B
14,0,1,0,0,1,0,1,1,0,1,1,0,0,0,0,0,0,1,0,1,0,0,0,RG,9,B
15,0,0,1,0,0,1,0,1,0,0,1,0,1,0,0,0,1,1,1,0,0,0,0,RG,9,B
16,0,1,0,0,1,0,0,1,0,1,1,0,0,0,0,0,0,0,0,1,0,0,0,RG,9,B
17,0,0,1,0,0,1,1,1,0,1,1,0,0,1,0,0,0,0,0,0,0,0,0,RG,9,B
18,0,0,1,0,0,1,1,1,0,0,1,0,0,0,1,0,0,0,0,0,0,0,0,RG,9,B
19,0,1,0,1,0,0,0,1,0,0,1,0,0,0,0,0,0,0,0,1,1,0,0,RG,9,B
20,0,0,1,0,0,1,0,1,0,0,1,0,0,0,0,1,0,1,0,0,0,0,0,RG,9,B
21,0,1,0,0,0,1,1,1,0,0,0,0,0,0,0,1,0,0,0,0,0,0,0,RG,9,B
22,0,1,0,0,1,0,1,1,0,1,0,0,0,0,0,0,1,0,0,1,0,0,0,RG,9,B
23,0,0,1,0,1,0,0,1,0,1,1,0,0,0,0,0,1,0,1,0,0,0,0,RG,9,B
24,0,1,0,0,0,1,0,1,0,1,1,0,0,0,1,0,0,0,0,0,1,0,0,RG,9,B
0,0,1,0,0,1,0,0,0,0,1,1,0,0,1,0,0,1,1,0,0,1,0,0,AUS,7,B
1,0,1,0,0,0,1,0,1,0,1,1,0,0,0,0,1,0,0,0,0,1,0,0,AUS,7,B
2,0,1,0,0,1,0,0,1,0,0,1,0,0,0,0,0,0,0,1,0,1,0,0,AUS,7,B
3,0,1,0,0,1,0,0,1,0,1,1,0,0,0,1,0,1,0,1,0,0,0,0,AUS,7,B
4,0,1,0,0,1,0,0,1,0,1,1,0,0,0,0,0,1,0,1,1,1,0,0,AUS,7,B
5,0,0,1,0,0,1,0,1,0,1,0,0,0,0,0,1,0,0,1,0,0,0,0,AUS,7,B
6,0,0,1,0,1,0,0,1,0,1,1,0,0,0,0,0,1,0,1,0,1,1,0,AUS,7,B
7,0,1,0,0,1,0,0,1,0,0,1,0,0,0,1,1,1,0,0,0,0,1,0,AUS,7,B
8,0,1,0,0,0,1,0,1,0,0,0,0,0,0,0,0,0,0,0,0,0,0,0,AUS,7,B
9,0,1,0,0,1,0,0,1,0,0,1,0,0,0,0,1,1,0,0,0,1,0,0,AUS,7,B
10,0,0,1,0,0,1,1,1,0,0,1,0,0,0,0,1,1,0,0,0,1,0,0,AUS,7,B
11,0,1,0,0,1,0,0,1,0,1,0,0,0,0,0,1,0,0,0,1,0,0,0,AUS,7,B
12,0,0,1,0,1,0,0,1,0,0,1,0,0,0,0,0,1,0,1,0,0,0,0,AUS,7,B
13,0,1,0,0,0,1,0,1,0,1,0,0,0,0,0,0,1,0,0,0,0,0,0,AUS,7,B
14,0,0,1,1,0,0,1,0,0,1,1,0,0,0,0,0,0,0,1,0,0,0,1,AUS,7,B
15,0,0,1,0,0,1,0,1,0,1,1,0,0,0,0,1,1,1,0,1,0,0,0,AUS,7,B
16,0,1,0,0,1,0,0,0,0,0,1,0,0,0,0,1,1,0,0,0,0,0,0,AUS,7,B
17,0,0,1,0,0,1,1,1,0,1,1,0,0,0,0,1,0,0,0,0,1,0,0,AUS,7,B
18,0,1,0,0,0,1,0,1,0,0,1,0,0,0,0,1,1,0,1,0,1,0,0,AUS,7,B
19,0,0,1,0,0,1,0,1,0,1,1,0,0,0,0,1,0,0,1,0,0,0,0,AUS,7,B
20,0,0,1,0,0,1,1,1,0,1,1,0,0,0,0,1,1,0,0,1,0,0,0,AUS,7,B
21,0,1,0,0,1,0,1,1,0,1,1,0,0,0,0,1,1,0,1,0,1,0,0,AUS,7,B
22,0,1,0,0,1,0,0,0,0,1,1,0,0,0,0,1,1,0,1,1,0,0,0,AUS,7,B
23,0,0,1,0,1,0,0,0,1,0,1,0,0,0,0,1,1,1,0,0,0,0,0,AUS,7,B
24,0,1,0,0,0,1,0,0,0,1,1,0,0,0,0,0,0,0,1,0,0,0,0,AUS,7,B
0,0,0,1,0,1,0,0,0,0,1,1,0,0,0,0,1,0,0,0,0,1,0,0,ELVA,1,1
1,0,1,0,0,1,0,0,1,0,1,1,0,0,0,1,1,1,0,0,1,1,1,0,ELVA,1,1
2,0,1,0,0,0,1,1,1,0,1,1,0,0,0,0,1,1,0,0,0,0,0,0,ELVA,1,1
3,0,0,1,1,0,0,0,0,1,1,1,0,0,0,0,0,1,0,0,0,0,0,0,ELVA,1,1
4,0,1,0,1,0,0,1,0,0,0,1,0,0,0,1,1,1,0,0,0,0,0,0,ELVA,1,1
5,0,0,1,0,1,0,1,1,0,1,1,0,0,0,0,0,1,0,0,0,0,0,0,ELVA,1,1
6,0,1,0,0,0,1,0,1,1,0,1,0,0,0,0,1,1,0,0,1,1,0,0,ELVA,1,1
7,0,1,0,0,0,1,1,1,0,0,1,1,0,0,0,1,0,0,0,0,0,0,0,ELVA,1,1
8,0,0,1,0,1,0,0,1,0,1,1,0,0,0,0,0,1,1,0,0,0,0,0,ELVA,1,1
9,0,1,0,0,0,1,1,1,0,0,1,0,0,0,0,1,1,0,0,0,1,0,0,ELVA,1,1
10,0,0,1,0,1,0,0,1,0,0,1,0,0,0,0,1,1,0,0,0,0,0,0,ELVA,1,1
11,0,1,0,0,0,1,1,1,0,0,1,0,0,0,0,0,1,0,0,1,1,0,1,ELVA,1,1
12,0,1,0,0,1,0,0,1,0,1,1,0,0,0,0,1,1,0,0,0,0,0,0,ELVA,1,1
13,0,0,1,0,0,1,1,0,0,0,1,0,1,0,0,0,1,1,0,0,0,0,0,ELVA,1,1
14,0,1,0,0,0,1,1,0,0,1,1,0,0,0,1,0,1,0,0,0,1,0,0,ELVA,1,1
15,0,0,1,0,1,0,0,1,0,0,1,0,0,0,0,1,1,0,0,0,1,0,0,ELVA,1,1
16,0,0,1,0,0,1,0,1,0,0,1,0,0,0,0,0,1,0,0,1,0,0,0,ELVA,1,1
17,0,1,0,0,1,0,0,1,1,0,0,0,0,0,0,0,1,0,0,0,1,0,0,ELVA,1,1
18,0,0,1,0,0,1,1,1,1,0,1,0,0,0,0,1,0,0,0,0,0,0,0,ELVA,1,1
19,0,1,0,0,0,1,1,1,0,1,0,0,0,0,0,1,0,0,0,1,0,0,0,ELVA,1,1
20,0,0,1,0,1,0,0,0,0,1,1,0,0,0,0,1,1,0,0,0,0,0,0,ELVA,1,1
21,0,0,1,0,1,0,0,1,0,1,1,0,0,0,0,1,1,0,0,0,0,0,0,ELVA,1,1
22,0,0,1,0,1,0,0,1,0,1,0,0,0,0,0,0,0,1,1,0,0,0,0,ELVA,1,1
23,0,1,0,0,0,1,1,1,0,0,0,0,0,0,0,1,1,1,0,0,1,0,0,ELVA,1,1
24,0,0,1,0,1,0,0,0,1,1,1,0,0,0,1,1,1,0,0,0,0,0,0,ELVA,1,1
0,0,0,1,0,1,0,0,1,1,1,1,0,0,0,0,1,0,0,0,0,0,0,0,RP-16,3,B
1,1,0,0,0,1,0,0,1,0,1,0,0,0,0,0,1,1,0,0,0,0,0,0,RP-16,3,B
2,0,0,1,0,0,1,0,1,0,1,1,0,0,0,0,0,0,0,0,0,0,0,0,RP-16,3,B
3,0,1,0,0,1,0,0,1,1,0,1,1,0,0,0,0,1,0,0,0,0,0,0,RP-16,3,B
4,0,0,1,0,0,1,0,1,0,1,0,0,0,0,0,1,1,0,0,0,0,0,0,RP-16,3,B
5,0,0,1,0,0,1,0,1,0,0,1,0,0,0,0,1,0,0,0,0,0,0,0,RP-16,3,B
6,0,1,0,0,0,1,0,1,0,1,1,0,0,0,0,1,1,1,1,0,0,0,0,RP-16,3,B
7,0,1,0,0,0,1,0,1,0,1,1,0,0,0,0,0,1,1,1,1,1,0,0,RP-16,3,B
8,0,1,0,0,1,0,0,1,0,1,1,0,0,0,0,1,0,0,0,1,0,0,0,RP-16,3,B
9,0,0,1,0,0,1,1,0,0,1,0,0,0,0,0,0,1,0,1,0,0,0,0,RP-16,3,B
10,0,0,1,0,1,0,0,1,0,0,1,0,0,0,0,0,0,0,1,1,0,0,0,RP-16,3,B
11,0,0,1,0,0,1,0,1,1,1,1,0,0,0,0,0,1,1,0,0,0,0,0,RP-16,3,B
12,0,1,0,0,1,0,0,1,0,1,1,0,0,0,0,1,0,0,1,0,0,0,0,RP-16,3,B
13,0,1,0,0,0,1,0,1,0,1,1,0,0,0,0,0,1,0,1,1,1,0,0,RP-16,3,B
14,0,1,0,0,1,0,0,1,0,0,1,0,0,0,0,0,1,0,1,0,1,0,0,RP-16,3,B
15,0,0,1,0,0,1,0,1,0,1,0,0,0,0,0,1,0,0,1,0,0,0,0,RP-16,3,B
16,0,1,0,0,0,1,0,1,0,1,0,0,0,0,0,0,1,0,0,1,0,1,0,RP-16,3,B
17,0,1,0,0,1,0,0,1,0,0,1,0,0,0,0,1,0,0,1,0,1,0,0,RP-16,3,B
18,0,0,1,0,0,1,1,1,1,1,1,0,0,0,0,0,1,0,1,0,0,0,0,RP-16,3,B
19,0,0,1,0,1,0,0,1,0,1,0,0,0,0,0,1,1,0,1,0,0,0,0,RP-16,3,B
20,0,0,1,0,0,1,0,1,0,1,1,0,0,0,0,0,1,1,0,0,0,0,0,RP-16,3,B
21,0,0,1,0,1,0,0,1,0,1,1,0,0,0,0,0,1,0,0,0,0,0,0,RP-16,3,B
22,0,0,1,0,0,1,0,1,1,1,1,0,0,0,1,0,0,0,0,0,0,0,0,RP-16,3,B
23,0,0,1,0,1,0,0,0,0,0,1,0,0,0,0,0,1,1,1,0,0,0,0,RP-16,3,B
24,0,1,0,0,1,0,0,1,0,1,1,1,0,0,0,0,1,0,0,0,1,0,0,RP-16,3,B
0,0,0,1,0,0,1,0,1,0,1,1,0,0,0,0,0,0,1,1,0,0,0,0,ELVA,5,A
1,0,1,0,0,1,0,0,0,0,0,1,0,0,0,0,0,1,1,0,0,0,0,0,ELVA,5,A
2,0,1,0,0,1,0,1,1,0,0,1,0,0,0,0,1,1,0,0,1,1,0,1,ELVA,5,A
3,0,0,1,0,1,0,0,0,1,1,1,0,0,1,0,0,1,1,0,0,0,0,1,ELVA,5,A
4,0,1,0,0,1,0,1,1,0,1,1,0,0,0,1,1,0,0,1,0,0,0,0,ELVA,5,A
5,0,0,1,0,0,1,1,1,0,0,1,1,0,0,0,0,1,0,0,0,0,0,0,ELVA,5,A
6,0,1,0,0,0,1,1,1,1,1,0,0,0,0,0,0,0,0,0,0,1,0,0,ELVA,5,A
7,0,1,0,0,1,0,1,1,0,1,1,0,0,0,0,1,0,0,0,1,1,0,0,ELVA,5,A
8,0,1,0,0,0,1,0,1,0,1,1,0,0,0,0,1,1,0,0,0,1,0,0,ELVA,5,A
9,0,1,0,0,1,0,1,1,0,0,1,0,1,0,0,0,1,0,1,1,0,0,0,ELVA,5,A
10,0,0,1,0,1,0,0,0,0,1,1,0,0,0,1,1,1,0,0,1,0,0,1,ELVA,5,A
11,0,0,1,0,1,0,0,1,0,0,0,0,0,0,1,0,0,0,1,0,1,0,0,ELVA,5,A
12,0,0,1,0,0,1,0,1,0,1,1,0,0,0,0,0,0,1,0,1,1,0,0,ELVA,5,A
13,0,1,0,0,0,1,1,1,0,1,0,0,0,0,0,0,1,0,0,0,0,0,0,ELVA,5,A
14,0,0,1,0,0,1,0,0,0,1,0,1,0,0,1,0,0,0,1,0,0,0,0,ELVA,5,A
15,0,0,1,0,0,1,1,1,0,1,0,0,0,0,1,0,0,0,0,0,0,1,0,ELVA,5,A
16,0,1,0,0,0,1,1,1,0,0,0,0,0,0,1,0,1,0,1,0,1,0,0,ELVA,5,A
17,0,1,0,0,1,0,0,0,0,1,1,0,0,0,0,1,1,0,0,0,0,0,0,ELVA,5,A
18,0,0,1,0,0,1,1,1,0,0,0,0,0,0,0,1,1,1,0,1,0,0,0,ELVA,5,A
19,1,0,0,0,1,0,1,1,0,0,1,0,0,0,0,0,0,0,1,1,1,0,0,ELVA,5,A
20,0,0,1,0,1,0,0,1,0,1,1,0,0,0,0,1,1,0,0,0,0,0,0,ELVA,5,A
21,0,1,0,0,1,0,1,1,0,0,1,0,0,0,1,0,1,0,1,1,0,0,0,ELVA,5,A
22,0,0,1,0,0,1,1,1,1,1,1,0,0,0,0,1,1,0,0,0,0,0,0,ELVA,5,A
23,0,0,1,0,0,1,1,1,1,0,1,0,0,0,0,0,1,0,1,0,0,0,0,ELVA,5,A
24,0,0,1,0,1,0,0,1,0,1,1,1,0,0,0,0,1,0,0,0,0,0,0,ELVA,5,A
0,0,0,1,0,1,0,0,1,0,1,1,0,0,0,0,1,0,0,1,0,0,0,0,IGNF,1,3
1,0,0,1,0,1,0,1,0,0,0,0,0,0,0,0,1,0,0,0,1,0,0,1,IGNF,1,3
2,0,0,1,0,0,1,0,1,0,0,1,0,0,0,0,0,1,0,0,0,0,1,0,IGNF,1,3
3,0,0,1,0,1,0,0,0,0,0,1,0,0,0,1,0,0,0,1,0,0,0,0,IGNF,1,3
4,0,0,1,0,1,0,0,1,0,0,0,0,0,0,0,0,1,0,1,1,0,0,1,IGNF,1,3
5,0,0,1,0,1,0,0,1,0,0,1,0,0,0,0,1,0,1,1,0,1,0,0,IGNF,1,3
6,0,1,0,0,0,1,1,1,0,0,1,0,0,0,0,1,0,0,1,0,1,0,0,IGNF,1,3
7,0,0,1,0,1,0,0,0,1,1,1,0,0,0,0,1,0,0,0,0,0,0,0,IGNF,1,3
8,0,0,1,0,1,0,0,1,0,1,1,0,0,0,0,1,0,0,1,0,0,0,0,IGNF,1,3
9,0,0,1,0,1,0,0,1,0,1,1,0,0,0,0,0,0,0,0,0,1,0,0,IGNF,1,3
10,0,1,0,0,0,1,0,1,0,0,1,0,0,0,0,1,1,0,1,0,1,0,0,IGNF,1,3
11,0,0,1,0,1,0,0,0,1,0,0,0,0,0,0,1,1,0,0,0,0,0,1,IGNF,1,3
12,0,0,1,0,1,0,0,1,0,1,1,0,0,0,0,0,1,0,1,0,0,0,0,IGNF,1,3
13,0,0,1,0,0,1,0,1,0,1,1,0,1,0,0,0,1,0,1,0,0,0,0,IGNF,1,3
14,0,0,1,0,1,0,0,1,0,0,1,0,0,0,0,1,1,0,0,0,0,0,0,IGNF,1,3
15,0,0,1,0,0,1,0,1,1,1,1,0,0,0,0,0,0,0,0,1,1,0,0,IGNF,1,3
16,0,0,1,0,0,1,0,0,0,1,0,0,1,0,0,1,1,0,1,1,0,0,0,IGNF,1,3
17,0,0,1,0,1,0,1,1,0,1,1,0,0,0,0,0,1,0,0,1,0,1,0,IGNF,1,3
18,0,1,0,0,1,0,0,1,0,0,1,0,1,0,0,1,0,0,0,1,1,0,0,IGNF,1,3
19,0,1,0,0,1,0,0,1,0,1,1,0,0,0,0,1,1,0,0,1,1,0,0,IGNF,1,3
20,0,1,0,0,1,0,1,1,0,1,1,0,0,0,0,0,1,0,1,0,1,0,0,IGNF,1,3
21,0,1,0,0,1,0,0,1,0,0,1,0,0,0,1,1,1,0,0,0,0,0,0,IGNF,1,3
22,0,0,1,0,1,0,0,0,1,0,1,0,0,0,0,0,1,0,0,1,1,0,0,IGNF,1,3
23,0,0,1,0,0,1,0,1,0,1,1,0,0,0,0,1,0,0,1,0,0,0,0,IGNF,1,3
24,0,0,1,0,1,0,1,0,0,1,1,1,0,0,0,1,0,0,1,0,0,0,0,IGNF,1,3
0,0,1,0,0,1,0,1,1,0,1,0,0,0,0,0,1,0,0,0,1,1,0,0,RG,1,5
1,0,1,0,0,0,1,1,1,0,1,0,0,0,0,0,0,1,0,1,0,1,0,0,RG,1,5
2,0,1,0,0,1,0,0,1,0,0,1,0,0,0,1,1,0,0,1,1,0,0,0,RG,1,5
3,0,1,0,0,1,0,0,1,0,1,0,0,0,0,0,1,0,0,1,1,1,0,0,RG,1,5
4,0,1,0,0,0,1,1,1,0,1,1,0,0,0,0,0,1,0,1,1,1,0,0,RG,1,5
5,0,0,1,0,0,1,1,1,0,1,1,0,0,0,0,0,1,0,1,1,0,0,0,RG,1,5
6,0,1,0,0,0,1,1,1,0,0,0,0,0,0,0,0,0,0,1,0,0,0,0,RG,1,5
7,0,0,1,0,0,1,0,1,0,1,1,0,0,0,0,1,0,1,0,0,0,0,0,RG,1,5
8,0,1,0,0,1,0,1,1,0,1,1,0,0,0,0,1,1,0,1,0,1,0,0,RG,1,5
9,0,0,1,0,0,1,1,1,1,1,0,0,0,0,0,1,0,0,0,1,0,1,0,RG,1,5
10,0,0,1,0,1,0,1,1,0,0,1,0,0,0,1,1,1,0,0,0,0,0,0,RG,1,5
11,0,0,1,0,0,1,1,1,1,1,1,0,0,0,0,1,0,0,0,1,0,0,0,RG,1,5
12,0,0,1,0,0,1,1,1,0,1,1,0,0,0,0,1,0,0,1,0,0,0,0,RG,1,5
13,0,1,0,0,1,0,1,1,0,1,1,0,0,0,0,0,0,0,0,1,1,0,0,RG,1,5
14,0,0,1,0,0,1,0,1,0,1,0,0,0,0,0,1,1,0,0,1,0,0,0,RG,1,5
15,0,0,1,0,1,0,1,0,0,1,1,0,0,0,0,0,0,0,1,0,0,0,0,RG,1,5
16,0,0,1,0,1,0,0,1,0,1,1,0,0,0,0,1,0,1,1,1,0,0,0,RG,1,5
17,0,0,1,0,0,1,0,1,0,1,1,0,0,0,0,1,1,0,0,0,1,0,0,RG,1,5
18,0,1,0,0,1,0,1,1,0,1,1,0,0,0,0,0,0,0,0,1,1,0,0,RG,1,5
19,0,1,0,0,1,0,0,1,0,1,0,0,0,0,0,0,0,0,0,1,1,1,0,RG,1,5
20,0,0,1,0,1,0,0,1,0,1,1,0,0,0,0,1,0,1,0,0,0,0,0,RG,1,5
21,0,1,0,0,1,0,1,1,0,1,1,0,0,0,0,1,1,0,0,0,0,0,0,RG,1,5
22,0,0,1,0,1,0,1,1,0,1,0,0,0,0,0,1,0,0,1,0,1,0,0,RG,1,5
23,0,1,0,0,1,0,0,1,0,1,1,0,0,0,0,0,0,1,0,0,1,0,0,RG,1,5
24,0,0,1,0,1,0,1,1,0,0,1,0,0,0,0,0,0,1,0,0,0,0,0,RG,1,5
